https://www.glassdoor.com/Job/jobs.htm?suggestCount=0&suggestChosen=false&clickSource=searchBtn&typedKeyword=data+scientist&sc.keyword=data+scientist&locT=&locId=&jobType=,Location,Salary,Review,Recency
"The Cadmus Group – Washington, DC","Washington, DC",Est. Salary $94k-$139k,3.2,7 days ago
"Tapjoy – San Francisco, CA","San Francisco, CA",Est. Salary $126k-$174k,3.6,11 days ago
"The Hanover Insurance Company – Worcester, MA","Worcester, MA",Est. Salary $88k-$129k,3.7,10 days ago
"Red Ventures – Charlotte, NC","Charlotte, NC",Est. Salary $69k-$104k,3.1,28 days ago
"Sonos – Santa Barbara, CA","Santa Barbara, CA",Est. Salary $113k-$157k,3.5,7 days ago
"Celonis – New York, NY","New York, NY",Est. Salary $79k-$117k,5.0,8 days ago
"Northwestern Mutual Life Insurance Company – Milwaukee, WI","Milwaukee, WI",Est. Salary $70k-$109k,3.9,27 days ago
"EMD Serono – Rockland, MA","Rockland, MA",Est. Salary $75k-$113k,3.5,22 days ago
"Amazon – Seattle, WA","Seattle, WA",Est. Salary $120k-$168k,3.6,20 days ago
"INgrooves Music Group – Los Angeles, CA","Los Angeles, CA",Est. Salary $75k-$111k,3.5,
"Experian – San Diego, CA","San Diego, CA",Est. Salary $107k-$152k,3.5,9 days ago
"Riverside Research Institute – Washington, DC","Washington, DC",Est. Salary $72k-$109k,4.1,
"Oscar Insurance – New York, NY","New York, NY",Est. Salary $120k-$174k,3.5,
"Walmart eCommerce – Sunnyvale, CA","Sunnyvale, CA",Est. Salary $106k-$147k,3.2,
"Even – Oakland, CA","Oakland, CA",Est. Salary $97k-$137k,,4 days ago
"C. H. Robinson Worldwide – Eden Prairie, MN","Eden Prairie, MN",Est. Salary $79k-$124k,3.3,20 days ago
"Quicken Loans – Detroit, MI","Detroit, MI",Est. Salary $83k-$126k,3.7,27 days ago
"Two Sigma – New York, NY","New York, NY",Est. Salary $126k-$193k,4.4,6 days ago
"Stitch Fix – San Francisco, CA","San Francisco, CA",Est. Salary $154k-$217k,3.8,17 days ago
"CVS Health – Woonsocket, RI","Woonsocket, RI",Est. Salary $66k-$102k,2.8,27 days ago
"Coursera – Mountain View, CA","Mountain View, CA",Est. Salary $148k-$211k,3.8,6 days ago
"adMarketplace – New York, NY","New York, NY",Est. Salary $105k-$158k,3.6,8 days ago
"Esurance – San Francisco, CA","San Francisco, CA",Est. Salary $78k-$111k,2.9,9 days ago
"Dell – Austin, TX","Austin, TX",Est. Salary $74k-$107k,3.7,24 days ago
"Factual – Los Angeles, CA","Los Angeles, CA",Est. Salary $123k-$176k,4.3,
"National Grid USA – Waltham, MA","Waltham, MA",Est. Salary $62k-$95k,3.5,19 days ago
"Stripe – San Francisco, CA","San Francisco, CA",Est. Salary $141k-$196k,4.3,6 days ago
"Synectics – Peapack, NJ","Peapack, NJ",Est. Salary $75k-$116k,3.1,
"23andMe, Inc. – Mountain View, CA","Mountain View, CA",Est. Salary $91k-$139k,4.6,10 days ago
"Adara Media – Mountain View, CA","Mountain View, CA",Est. Salary $113k-$162k,3.5,
"Newsela – New York, NY","New York, NY",Est. Salary $123k-$184k,3.9,7 days ago
"CreditCards.com – Austin, TX","Austin, TX",Est. Salary $75k-$113k,4.2,
"SHYFT Analytics – Boston, MA","Boston, MA",Est. Salary $80k-$116k,3.9,
"Collective Health – San Francisco, CA","San Francisco, CA",Est. Salary $108k-$159k,4.3,
"Shutterfly – Redwood City, CA","Redwood City, CA",Est. Salary $116k-$162k,3.1,28 days ago
"BAE Systems – Springfield, VA","Springfield, VA",Est. Salary $78k-$117k,3.5,
"Pluralsight – Farmington, UT","Farmington, UT",Est. Salary $100k-$140k,4.0,
"Novetta – Crystal City, VA","Crystal City, VA",Est. Salary $107k-$157k,3.8,7 days ago
"Availity – Jacksonville, FL","Jacksonville, FL",Est. Salary $105k-$149k,3.4,13 days ago
"Staples – Framingham, MA","Framingham, MA",Est. Salary $93k-$138k,3.2,21 days ago
"Teaching Strategies, LLC – Bethesda, MD","Bethesda, MD",Est. Salary $84k-$121k,3.4,
"Sony PlayStation – Aliso Viejo, CA","Aliso Viejo, CA",Est. Salary $85k-$124k,3.5,19 days ago
"Quora, Inc. – Mountain View, CA","Mountain View, CA",Est. Salary $107k-$155k,4.3,24 days ago
"Priceline.com – Norwalk, CT","Norwalk, CT",Est. Salary $93k-$136k,3.2,10 days ago
"Excella Consulting – Washington, DC","Washington, DC",Est. Salary $92k-$138k,4.4,9 days ago
"AIM Consulting Group, LLC – Minneapolis, MN","Minneapolis, MN",,4.2,20 days ago
"Affirm – San Francisco, CA","San Francisco, CA",Est. Salary $149k-$207k,4.7,19 days ago
"Vantiv – Cincinnati, OH","Cincinnati, OH",Est. Salary $78k-$111k,3.0,
"Opendoor – San Francisco, CA","San Francisco, CA",Est. Salary $138k-$191k,4.7,6 days ago
"Trunk Club – Chicago, IL","Chicago, IL",Est. Salary $72k-$107k,3.3,
"Travelport – Denver, CO","Denver, CO",Est. Salary $107k-$150k,3.5,8 days ago
"SeatGeek – New York, NY","New York, NY",Est. Salary $108k-$162k,4.7,16 days ago
"True Fit – Woburn, MA","Woburn, MA",Est. Salary $70k-$101k,4.3,9 days ago
"Uptake – Chicago, IL","Chicago, IL",Est. Salary $95k-$135k,4.0,28 days ago
"SparkCognition – Austin, TX","Austin, TX",Est. Salary $81k-$137k,5.0,10 days ago
"LeapYear – Berkeley, CA","Berkeley, CA",Est. Salary $113k-$182k,,7 days ago
"Ookla – Seattle, WA","Seattle, WA",Est. Salary $101k-$166k,5.0,21 days ago
"Kabbage – San Francisco, CA","San Francisco, CA",Est. Salary $116k-$161k,4.6,26 days ago
"Knowles – Itasca, IL","Itasca, IL",Est. Salary $107k-$156k,2.9,9 days ago
"Eventbrite – Nashville, TN","Nashville, TN",Est. Salary $63k-$91k,4.1,9 days ago
"Fitch Ratings – New York, NY","New York, NY",Est. Salary $92k-$151k,3.1,10 days ago
"Hulu – Santa Monica, CA","Santa Monica, CA",Est. Salary $95k-$138k,4.1,21 days ago
"Engage3 – Davis, CA","Davis, CA",,4.1,16 days ago
"Brookhaven LAB – Upton, NY","Upton, NY",Est. Salary $75k-$115k,3.4,22 days ago
"Wake Forest University – Winston-Salem, NC","Winston-Salem, NC",Est. Salary $44k-$68k,3.9,
"The Climate Corp – Saint Louis, MO","Saint Louis, MO",Est. Salary $96k-$136k,3.7,
"Schireson Associates – New York, NY","New York, NY",Est. Salary $84k-$132k,5.0,28 days ago
"BitSight – Cambridge, MA","Cambridge, MA",Est. Salary $88k-$126k,4.3,6 days ago
"BombBomb – Colorado Springs, CO","Colorado Springs, CO",Est. Salary $71k-$109k,4.6,
"Aruba Networks – Santa Clara, CA","Santa Clara, CA",Est. Salary $124k-$173k,3.6,
"GameChanger – New York, NY","New York, NY",Est. Salary $95k-$144k,4.8,28 days ago
"7Park Data – New York, NY","New York, NY",Est. Salary $75k-$120k,3.4,
"PennWell Corporation – Tulsa, OK","Tulsa, OK",Est. Salary $57k-$88k,3.6,
"E-Primary – Radnor, PA","Radnor, PA",Est. Salary $67k-$107k,,4 days ago
"RealSelf – Seattle, WA","Seattle, WA",Est. Salary $109k-$156k,4.4,15 days ago
"KG Workforce Solutions – Columbia, SC","Columbia, SC",Est. Salary $69k-$119k,5.0,6 days ago
"Ford Motor Company – Dearborn, MI","Dearborn, MI",Est. Salary $81k-$120k,3.9,Today
"Intersys – Richmond, VA","Richmond, VA",Est. Salary $70k-$104k,3.8,
"Remind – San Francisco, CA","San Francisco, CA",Est. Salary $100k-$140k,4.7,10 days ago
"Rocket Wagon – Chicago, IL","Chicago, IL",Est. Salary $70k-$110k,5.0,
"AutoGravity Corporation – Irvine, CA","Irvine, CA",Est. Salary $101k-$146k,4.9,13 days ago
"Yieldbot – Portland, OR","Portland, OR",Est. Salary $87k-$136k,4.0,17 days ago
"TalentRISE – Chicago, IL","Chicago, IL",,4.2,
"Via Transportation (New York) – New York, NY","New York, NY",Est. Salary $79k-$117k,4.4,
"Lockheed Martin – Fort Worth, TX","Fort Worth, TX",Est. Salary $75k-$113k,3.7,27 days ago
"SpaceX – Hawthorne, CA","Hawthorne, CA",Est. Salary $79k-$117k,4.4,7 days ago
"1100 Charlotte – Nashville, TN","Nashville, TN",,,
"Domo – Salt Lake City, UT","Salt Lake City, UT",Est. Salary $88k-$125k,4.3,21 days ago
"Credit Sesame – San Francisco, CA","San Francisco, CA",Est. Salary $118k-$168k,3.9,21 days ago
"CACI International – Reston, VA","Reston, VA",Est. Salary $102k-$150k,3.5,13 days ago
"Foursquare – New York, NY","New York, NY",Est. Salary $100k-$147k,4.5,Today
"JetSmarter – Fort Lauderdale, FL","Fort Lauderdale, FL",Est. Salary $75k-$114k,4.1,6 days ago
"tronc – Chicago, IL","Chicago, IL",Est. Salary $75k-$115k,2.9,16 days ago
"Credit Karma – San Francisco, CA","San Francisco, CA",Est. Salary $124k-$172k,3.5,14 days ago
"Tapad – New York, NY","New York, NY",Est. Salary $117k-$176k,4.1,28 days ago
"Saxon Global – Chesterbrook, PA","Chesterbrook, PA",Est. Salary $87k-$132k,4.3,8 days ago
"TrueCar – Santa Monica, CA","Santa Monica, CA",Est. Salary $111k-$159k,4.1,6 days ago
"Deloitte – Arlington, VA","Arlington, VA",Est. Salary $117k-$175k,3.8,5 days ago
"First Orion – Little Rock, AR","Little Rock, AR",Est. Salary $53k-$94k,5.0,10 days ago
"Pinterest – San Francisco, CA","San Francisco, CA",Est. Salary $144k-$199k,3.9,4 days ago
"Zimmerman Advertising – Dallas, TX","Dallas, TX",Est. Salary $67k-$103k,3.7,9 days ago
"Vistar Media – New York, NY","New York, NY",Est. Salary $77k-$115k,4.5,19 days ago
"Aviva – Norwich, CT","Norwich, CT",Est. Salary $82k-$122k,3.4,7 days ago
"Crescent Solutions – Las Vegas, NV","Las Vegas, NV",,4.0,
"iSpace – Aliso Viejo, CA","Aliso Viejo, CA",Est. Salary $81k-$122k,3.7,
"Digital Reasoning – Franklin, TN","Franklin, TN",Est. Salary $81k-$126k,3.7,7 days ago
"CodeFights – San Francisco, CA","San Francisco, CA",Est. Salary $113k-$182k,5.0,
"Star Tribune – Minneapolis, MN","Minneapolis, MN",Est. Salary $95k-$141k,3.1,
"Square – San Francisco, CA","San Francisco, CA",Est. Salary $124k-$172k,4.4,6 days ago
"KPMG US – Knoxville, TN","Knoxville, TN",Est. Salary $57k-$89k,3.9,14 days ago
Clear Peak – United States,United States,Est. Salary $86k-$123k,3.4,23 days ago
"Hyperloop One – Los Angeles, CA","Los Angeles, CA",Est. Salary $87k-$129k,4.5,5 days ago
"Spotify – Boston, MA","Boston, MA",Est. Salary $124k-$176k,4.3,
"Granular – San Francisco, CA","San Francisco, CA",Est. Salary $122k-$169k,4.3,13 days ago
"Booz Allen Hamilton – Washington, DC","Washington, DC",Est. Salary $83k-$127k,3.6,
"Entergy – Laredo, TX","Laredo, TX",Est. Salary $70k-$110k,3.5,5 days ago
"ORS Partners – Phoenix, AZ","Phoenix, AZ",Est. Salary $95k-$138k,4.2,24 days ago
"The Hartford – Hartford, CT","Hartford, CT",Est. Salary $72k-$109k,3.2,7 days ago
"Microsoft – Redmond, WA","Redmond, WA",Est. Salary $113k-$155k,4.0,
"IgnitionOne – Atlanta, GA","Atlanta, GA",Est. Salary $67k-$101k,3.5,
"Hello Innovation – Detroit, MI","Detroit, MI",Est. Salary $59k-$93k,3.9,21 days ago
"TrueMotion – Boston, MA","Boston, MA",Est. Salary $98k-$140k,4.9,
"Qventus – Mountain View, CA","Mountain View, CA",Est. Salary $110k-$181k,5.0,27 days ago
"Evans & Chambers Technology – Washington, DC","Washington, DC",Est. Salary $84k-$141k,5.0,
"Berico Technologies – Gaithersburg, MD","Gaithersburg, MD",Est. Salary $87k-$130k,3.2,
"OutMatch – Dallas, TX","Dallas, TX",Est. Salary $83k-$122k,4.4,21 days ago
"Central Intelligence Agency – Washington, DC","Washington, DC",Est. Salary $84k-$126k,3.7,16 days ago
"LHP Engineering Resource Division – Columbus, IN","Columbus, IN",,,
"Brunel – Netherlands, MO","Netherlands, MO",,3.2,
"Logic20/20 – Seattle, WA","Seattle, WA",Est. Salary $96k-$142k,3.9,
"Panjiva – Cambridge, MA","Cambridge, MA",Est. Salary $58k-$89k,4.2,
Toptal – United States,United States,Est. Salary $67k-$99k,4.5,9 days ago
"USAA – San Antonio, TX","San Antonio, TX",Est. Salary $71k-$107k,3.7,13 days ago
"Owens Corning – Granville, OH","Granville, OH",Est. Salary $95k-$141k,3.8,21 days ago
"NBCNEWS.com – Universal City, CA","Universal City, CA",Est. Salary $131k-$192k,3.0,
"Supercell – San Francisco, CA","San Francisco, CA",Est. Salary $98k-$137k,4.4,28 days ago
"Cummins – Columbus, IN","Columbus, IN",Est. Salary $77k-$117k,3.7,
"Federal Reserve Board – Washington, DC","Washington, DC",Est. Salary $73k-$110k,4.1,9 days ago
"BrainWorks (New Jersey) – Kansas City, MO","Kansas City, MO",Est. Salary $65k-$97k,2.9,19 days ago
"Convoy – Seattle, WA","Seattle, WA",Est. Salary $85k-$123k,5.0,7 days ago
"Scadea – Wayne, PA","Wayne, PA",Est. Salary $68k-$105k,3.5,8 days ago
"Proliance Consulting – Seattle, WA","Seattle, WA",Est. Salary $84k-$127k,4.9,6 days ago
"Katerra – Atlanta, GA","Atlanta, GA",Est. Salary $71k-$122k,4.4,10 days ago
Foot Locker – United States,United States,Est. Salary $90k-$138k,3.4,10 days ago
"WhatsApp – Menlo Park, CA","Menlo Park, CA",Est. Salary $98k-$137k,4.0,7 days ago
"Cerner – Kansas City, MO","Kansas City, MO",Est. Salary $61k-$95k,3.6,6 days ago
"nFUZION – Louisville, KY","Louisville, KY",Est. Salary $63k-$95k,,13 days ago
"The Goal Inc – Washington, DC","Washington, DC",,4.4,
"Oracle – Broomfield, CO","Broomfield, CO",Est. Salary $77k-$116k,3.4,23 days ago
"Boston Scientific – Maple Grove, MN","Maple Grove, MN",Est. Salary $71k-$110k,3.9,21 days ago
"Wheelhouse (California) – San Francisco, CA","San Francisco, CA",Est. Salary $113k-$182k,5.0,5 days ago
"IFTTT – San Francisco, CA","San Francisco, CA",Est. Salary $106k-$153k,4.4,
"Chubb Corp – Whitehouse Station, NJ","Whitehouse Station, NJ",Est. Salary $112k-$167k,3.3,27 days ago
"Dstillery – New York, NY","New York, NY",Est. Salary $115k-$167k,4.2,
"Snap Inc. – Los Angeles, CA","Los Angeles, CA",Est. Salary $119k-$170k,4.2,27 days ago
"KPMG US – Chicago, IL","Chicago, IL",Est. Salary $82k-$125k,3.9,
"Capital One – New York, NY","New York, NY",Est. Salary $94k-$144k,3.8,6 days ago
"Dataminr – New York, NY","New York, NY",Est. Salary $85k-$130k,4.6,9 days ago
"Bloomingdale's – New York, NY","New York, NY",Est. Salary $104k-$158k,3.0,7 days ago
"Expedia – Chicago, IL","Chicago, IL",Est. Salary $99k-$139k,3.9,26 days ago
"Hasbro, Inc. – Pawtucket, RI","Pawtucket, RI",Est. Salary $88k-$130k,3.7,28 days ago
"IBM – Dallas, TX","Dallas, TX",Est. Salary $70k-$103k,3.5,6 days ago
"Houston Methodist – Houston, TX","Houston, TX",Est. Salary $72k-$110k,3.9,14 days ago
"Bayes Impact – San Francisco, CA","San Francisco, CA",Est. Salary $93k-$135k,5.0,22 days ago
"DuPont Performance Elastomers – Johnston, IA","Johnston, IA",Est. Salary $54k-$83k,5.0,14 days ago
"IntraEdge – Phoenix, AZ","Phoenix, AZ",Est. Salary $78k-$119k,3.8,7 days ago
"Sensor Tower – San Francisco, CA","San Francisco, CA",Est. Salary $97k-$137k,4.7,13 days ago
"Ibotta – Denver, CO","Denver, CO",Est. Salary $76k-$110k,4.4,20 days ago
"CSI Tech – Tampa, FL","Tampa, FL",Est. Salary $61k-$97k,4.6,15 days ago
"Greenfield Advisors – Seattle, WA","Seattle, WA",Est. Salary $86k-$132k,3.0,7 days ago
"Mux – San Francisco, CA","San Francisco, CA",Est. Salary $112k-$181k,5.0,19 days ago
"ICUBE Consultancy Services – Jacksonville, FL","Jacksonville, FL",Est. Salary $98k-$152k,3.7,
"Epiworks – Champaign, IL","Champaign, IL",Est. Salary $65k-$100k,5.0,23 days ago
"Bankrate – Austin, TX","Austin, TX",Est. Salary $77k-$113k,2.9,
"BP – Houston, TX","Houston, TX",Est. Salary $91k-$140k,3.7,7 days ago
"Walmart eCommerce – San Bruno, CA","San Bruno, CA",Est. Salary $126k-$172k,3.2,
"Komodo Health – San Francisco, CA","San Francisco, CA",Est. Salary $112k-$181k,4.1,10 days ago
"Schaeffler Group – Fort Mill, SC","Fort Mill, SC",Est. Salary $73k-$111k,3.2,
"6sense – San Francisco, CA","San Francisco, CA",Est. Salary $129k-$180k,4.3,
"Avenue Code – San Francisco, CA","San Francisco, CA",Est. Salary $117k-$162k,4.3,22 days ago
"Kforce – Saint Louis, MO","Saint Louis, MO",,3.1,
"Under Armour – Austin, TX","Austin, TX",Est. Salary $72k-$108k,3.7,15 days ago
"ManTech International – Stafford, VA","Stafford, VA",Est. Salary $80k-$120k,3.3,9 days ago
"General Dynamics Information Technology – Springfield, VA","Springfield, VA",Est. Salary $68k-$103k,3.3,15 days ago
"Johns Hopkins University Applied Physics Laboratory – Laurel, MD","Laurel, MD",Est. Salary $79k-$119k,4.2,10 days ago
"Zolon Tech – Irving, TX","Irving, TX",Est. Salary $93k-$137k,3.4,7 days ago
"Cargill – Minneapolis, MN","Minneapolis, MN",Est. Salary $94k-$139k,3.4,7 days ago
"InfiCare Technologies – Raleigh, NC","Raleigh, NC",Est. Salary $79k-$120k,3.4,27 days ago
"JobJuncture – Duluth, GA","Duluth, GA",Est. Salary $65k-$99k,5.0,18 days ago
"SolarWinds – Austin, TX","Austin, TX",Est. Salary $88k-$125k,2.9,
"Nielsen – Tampa, FL","Tampa, FL",Est. Salary $53k-$81k,3.6,17 days ago
"Liftoff – Palo Alto, CA","Palo Alto, CA",Est. Salary $92k-$132k,4.9,
"QuantumBlack – Boston, MA","Boston, MA",Est. Salary $88k-$148k,4.5,10 days ago
"Schlumberger – Houston, TX","Houston, TX",Est. Salary $92k-$140k,3.5,15 days ago
"First Orion – Little Rock, AR","Little Rock, AR",Est. Salary $69k-$118k,5.0,10 days ago
"Zusys Inc – Dallas, TX","Dallas, TX",Est. Salary $75k-$118k,,22 days ago
"Transdev – Tempe, AZ","Tempe, AZ",Est. Salary $60k-$96k,3.1,9 days ago
"Dropbox – San Francisco, CA","San Francisco, CA",Est. Salary $121k-$170k,4.2,24 days ago
"FGM Inc – Arlington, VA","Arlington, VA",Est. Salary $62k-$90k,3.7,5 days ago
"Fabergent USA – Chicago, IL","Chicago, IL",Est. Salary $64k-$103k,4.8,6 days ago
"The CRS Group – Gladstone, NJ","Gladstone, NJ",,4.5,
"vTech Solution – Washington, DC","Washington, DC",Est. Salary $80k-$121k,4.3,
"Leidos – McLean, VA","McLean, VA",Est. Salary $73k-$110k,3.4,6 days ago
"St. Jude Children's Research Hospital – Memphis, TN","Memphis, TN",Est. Salary $64k-$98k,4.6,13 days ago
"TextNow – San Francisco, CA","San Francisco, CA",Est. Salary $100k-$140k,4.1,8 days ago
"Lawrence Livermore National Laboratory – Livermore, CA","Livermore, CA",Est. Salary $121k-$173k,4.4,23 days ago
"E.A. Renfroe & Company – Hoover, AL","Hoover, AL",Est. Salary $65k-$98k,3.6,17 days ago
"Autolist – San Francisco, CA","San Francisco, CA",Est. Salary $94k-$135k,5.0,22 days ago
"BuzzFeed – New York, NY","New York, NY",Est. Salary $88k-$134k,3.4,5 days ago
"Datadog – New York, NY","New York, NY",Est. Salary $113k-$165k,4.6,21 days ago
"Coca-Cola Company – Atlanta, GA","Atlanta, GA",Est. Salary $71k-$108k,3.5,27 days ago
"Mosaic Solutions, Inc. – Charlotte, NC","Charlotte, NC",Est. Salary $69k-$108k,5.0,26 days ago
"University of Pennsylvania – Philadelphia, PA","Philadelphia, PA",Est. Salary $53k-$83k,4.1,19 days ago
"IHS Global – Washington, CT","Washington, CT",Est. Salary $78k-$119k,3.1,26 days ago
"About – New York, NY","New York, NY",Est. Salary $103k-$152k,3.3,8 days ago
"Countr (NY) – New York, NY","New York, NY",Est. Salary $90k-$153k,,7 days ago
"JW Player – New York, NY","New York, NY",Est. Salary $88k-$131k,4.4,17 days ago
"Airbnb – San Francisco, CA","San Francisco, CA",Est. Salary $124k-$176k,3.8,21 days ago
"TripAdvisor – Needham, MA","Needham, MA",Est. Salary $119k-$170k,3.4,9 days ago
"Grand Rounds – San Francisco, CA","San Francisco, CA",Est. Salary $125k-$174k,4.4,9 days ago
"SpecTIR – Denver, CO","Denver, CO",Est. Salary $83k-$131k,4.2,
"Feedzai – San Mateo, CA","San Mateo, CA",Est. Salary $116k-$161k,4.7,12 days ago
"CGI Group Inc. – Fairfax, VA","Fairfax, VA",Est. Salary $85k-$128k,3.4,
"Marqeta – Oakland, CA","Oakland, CA",Est. Salary $100k-$140k,4.9,5 days ago
"Showtime Networks – New York, NY","New York, NY",Est. Salary $90k-$140k,3.4,16 days ago
"Cameron Craig Group – Duluth, GA","Duluth, GA",Est. Salary $58k-$93k,5.0,18 days ago
"Scribd – San Francisco, CA","San Francisco, CA",Est. Salary $132k-$183k,3.8,7 days ago
"PROS – Houston, TX","Houston, TX",Est. Salary $87k-$123k,3.6,8 days ago
"NIO – San Jose, CA","San Jose, CA",Est. Salary $153k-$214k,4.2,7 days ago
"Lyft – San Francisco, CA","San Francisco, CA",Est. Salary $128k-$177k,3.9,21 days ago
"IT Corpz – Plano, TX","Plano, TX",Est. Salary $78k-$133k,4.6,
"EcoSense Lighting – Los Angeles, CA","Los Angeles, CA",Est. Salary $79k-$123k,4.3,20 days ago
"Fareportal Inc. – New York, NY","New York, NY",Est. Salary $91k-$138k,3.7,5 days ago
"Axelon, Inc. – Peapack, NJ","Peapack, NJ",Est. Salary $84k-$128k,4.0,6 days ago
"Pymetrics – New York, NY","New York, NY",Est. Salary $74k-$114k,4.5,6 days ago
"ALEX – Springfield, VA","Springfield, VA",Est. Salary $73k-$111k,3.9,
"MacB – Linthicum Heights, MD","Linthicum Heights, MD",Est. Salary $85k-$127k,3.5,6 days ago
"Enigma – New York, NY","New York, NY",Est. Salary $77k-$115k,4.1,9 days ago
GavinHeath – United States,United States,Est. Salary $60k-$97k,5.0,24 days ago
"ThyssenKrupp North America, Inc. – Southfield, MI","Southfield, MI",Est. Salary $73k-$111k,3.4,21 days ago
iBOOD – United States,United States,Est. Salary $73k-$111k,,6 days ago
"Spring – New York, NY","New York, NY",Est. Salary $95k-$144k,4.5,17 days ago
"AdTheorent – New York, NY","New York, NY",Est. Salary $76k-$120k,4.0,14 days ago
"S&P Global – Charlottesville, VA","Charlottesville, VA",Est. Salary $82k-$125k,3.4,20 days ago
"NBCUniversal – New York, NY","New York, NY",Est. Salary $95k-$149k,3.8,
"Averity – New York, NY","New York, NY",,5.0,
"Principle Solutions Group – Atlanta, GA","Atlanta, GA",,4.3,
"Home Depot – Atlanta, GA","Atlanta, GA",Est. Salary $91k-$137k,3.5,16 days ago
"TalentBurst – San Francisco, CA","San Francisco, CA",,4.6,
"Eclaro International – Duluth, GA","Duluth, GA",,4.2,
AVL – United States,United States,Est. Salary $68k-$106k,4.1,24 days ago
"TSheets – Boise, ID","Boise, ID",Est. Salary $73k-$108k,4.6,10 days ago
"C3 IoT – Redwood City, CA","Redwood City, CA",Est. Salary $134k-$185k,4.9,
"CKM Advisors – New York, NY","New York, NY",Est. Salary $84k-$132k,4.6,9 days ago
CareMessage – United States,United States,Est. Salary $65k-$97k,,
"Vizual.AI – Baltimore, MD","Baltimore, MD",,,9 days ago
"Facebook – Menlo Park, CA","Menlo Park, CA",Est. Salary $124k-$178k,4.6,12 days ago
"LogRhythm – Boulder, CO","Boulder, CO",Est. Salary $78k-$111k,3.9,6 days ago
Dailymotion – United States,United States,Est. Salary $87k-$127k,3.9,15 days ago
"Xaxis – New York, NY","New York, NY",Est. Salary $105k-$160k,2.7,
"Trident Technical Solutions, LLC – Washington, DC","Washington, DC",Est. Salary $68k-$109k,5.0,7 days ago
"Analysis Group – Boston, MA","Boston, MA",Est. Salary $108k-$158k,3.8,28 days ago
"Yelp – San Francisco, CA","San Francisco, CA",Est. Salary $105k-$147k,3.3,28 days ago
"Jo-Ann Fabrics – Hudson, OH","Hudson, OH",Est. Salary $75k-$117k,2.7,5 days ago
"Postmates – San Francisco, CA","San Francisco, CA",Est. Salary $96k-$134k,3.1,24 days ago
"eero – San Francisco, CA","San Francisco, CA",Est. Salary $97k-$137k,4.0,8 days ago
"Vettery – New York, NY","New York, NY",Est. Salary $78k-$120k,4.6,8 days ago
"Sony Pictures Entertainment – Culver City, CA","Culver City, CA",Est. Salary $97k-$146k,3.4,10 days ago
"Epitec, Inc. – Dearborn, MI","Dearborn, MI",Est. Salary $56k-$86k,3.2,25 days ago
"NVIDIA – Santa Clara, CA","Santa Clara, CA",Est. Salary $124k-$172k,4.4,27 days ago
"Robert Half Technology – Houston, TX","Houston, TX",Est. Salary $88k-$137k,2.9,5 days ago
"Techtanium Services Inc. – Glen Allen, VA","Glen Allen, VA",,,
"ZeniMax Media – Rockville, MD","Rockville, MD",Est. Salary $81k-$119k,3.6,6 days ago
"University of Utah – Salt Lake City, UT","Salt Lake City, UT",Est. Salary $46k-$72k,4.1,7 days ago
"Impact Radius – New York, NY","New York, NY",Est. Salary $70k-$104k,3.9,6 days ago
"Epsilon – Chicago, IL","Chicago, IL",Est. Salary $107k-$159k,3.2,9 days ago
"Intuit – San Diego, CA","San Diego, CA",Est. Salary $105k-$149k,4.2,20 days ago
"ThinkingAhead – Philadelphia, PA","Philadelphia, PA",,5.0,
"SignalFx – San Mateo, CA","San Mateo, CA",Est. Salary $97k-$137k,4.8,9 days ago
"Express – Columbus, OH","Columbus, OH",Est. Salary $82k-$127k,3.3,20 days ago
"Adobe – San Jose, CA","San Jose, CA",Est. Salary $136k-$190k,4.1,14 days ago
"1st Merchant Funding – Miami, FL","Miami, FL",Est. Salary $71k-$108k,3.8,21 days ago
"Meetup – New York, NY","New York, NY",Est. Salary $82k-$123k,4.1,28 days ago
"Walt Disney Company – Burbank, CA","Burbank, CA",Est. Salary $92k-$139k,3.9,27 days ago
"LexisNexis – Raleigh, NC","Raleigh, NC",Est. Salary $78k-$110k,3.1,6 days ago
"DuPont™ Danisco® – Johnston, RI","Johnston, RI",Est. Salary $72k-$108k,3.2,18 days ago
"Mainz Brady Group – San Francisco, CA","San Francisco, CA",Est. Salary $115k-$160k,4.5,
"VideoAmp – Santa Monica, CA","Santa Monica, CA",Est. Salary $99k-$152k,4.9,26 days ago
"Deluxe Corporation – Boca Raton, FL","Boca Raton, FL",Est. Salary $72k-$104k,2.9,9 days ago
"DuPont – Johnston, IA","Johnston, IA",Est. Salary $99k-$149k,3.4,14 days ago
"Skillz Inc. – San Francisco, CA","San Francisco, CA",Est. Salary $110k-$154k,3.6,27 days ago
"University of Chicago – Chicago, IL","Chicago, IL",Est. Salary $56k-$87k,3.8,9 days ago
"Tenor – San Francisco, CA","San Francisco, CA",Est. Salary $97k-$137k,,
"Tripping – San Francisco, CA","San Francisco, CA",Est. Salary $94k-$135k,4.4,15 days ago
"MDA Corporation – Springfield, VA","Springfield, VA",Est. Salary $80k-$119k,3.6,5 days ago
"Orbital Insight – Mountain View, CA","Mountain View, CA",Est. Salary $102k-$145k,4.9,7 days ago
"Monsanto Company – Saint Louis, MO","Saint Louis, MO",Est. Salary $90k-$135k,3.9,26 days ago
"Takt – San Francisco, CA","San Francisco, CA",Est. Salary $97k-$137k,4.8,14 days ago
"CompuGain Corporation – McLean, VA","McLean, VA",,3.4,
"Laureate Education, Inc. – Columbia, MD","Columbia, MD",Est. Salary $73k-$115k,2.5,
"MassMutual Financial Group – Boston, MA","Boston, MA",Est. Salary $97k-$146k,3.3,7 days ago
"Proofpoint – Sunnyvale, CA","Sunnyvale, CA",Est. Salary $121k-$170k,3.3,7 days ago
"BD – San Diego, CA","San Diego, CA",Est. Salary $74k-$113k,3.4,22 days ago
"Tri-Com Technical Services – Tempe, AZ","Tempe, AZ",Est. Salary $75k-$128k,5.0,11 days ago
"Rockstar New York – New York, NY","New York, NY",,,
"PETCO – San Diego, CA","San Diego, CA",Est. Salary $89k-$134k,2.8,6 days ago
Stride Search – United States,United States,,,
"Jornaya – Conshohocken, PA","Conshohocken, PA",Est. Salary $63k-$95k,3.9,5 days ago
"Donlen – Bannockburn, IL","Bannockburn, IL",Est. Salary $69k-$104k,2.6,17 days ago
"Suntiva – Falls Church, VA","Falls Church, VA",Est. Salary $100k-$149k,4.8,16 days ago
"Waltech, Inc. – Boston, MA","Boston, MA",,4.3,
"Main Street Hub – Austin, TX","Austin, TX",Est. Salary $54k-$81k,3.5,5 days ago
"Odesus – Pasadena, CA","Pasadena, CA",,4.1,
"INCA Engineering – Adelphi, MD","Adelphi, MD",Est. Salary $83k-$124k,,15 days ago
"Galvanize – Boulder, CO","Boulder, CO",Est. Salary $68k-$101k,4.1,21 days ago
"SpotX – Broomfield, CO","Broomfield, CO",Est. Salary $61k-$89k,3.9,
"Alliance Data – Irving, TX","Irving, TX",Est. Salary $70k-$107k,3.5,25 days ago
"Grange Insurance (Columbus) – Columbus, OH","Columbus, OH",Est. Salary $82k-$122k,3.2,27 days ago
"Retail Solutions – Mountain View, CA","Mountain View, CA",Est. Salary $111k-$162k,3.5,4 days ago
"Brillio Inc – San Francisco, CA","San Francisco, CA",Est. Salary $119k-$168k,3.2,16 days ago
"Zenefits – San Francisco, CA","San Francisco, CA",Est. Salary $120k-$167k,2.7,16 days ago
"XPO Logistics – Charlotte, NC","Charlotte, NC",Est. Salary $70k-$110k,3.5,27 days ago
"Coverent – McLean, VA","McLean, VA",Est. Salary $80k-$125k,,
"CJ Affiliate – Santa Barbara, CA","Santa Barbara, CA",Est. Salary $84k-$128k,3.2,10 days ago
"Wish – San Francisco, CA","San Francisco, CA",Est. Salary $119k-$165k,4.3,8 days ago
"Technica Corporation – Dulles, VA","Dulles, VA",Est. Salary $84k-$127k,3.0,5 days ago
"Gwynnie Bee – San Francisco, CA","San Francisco, CA",Est. Salary $114k-$166k,3.6,14 days ago
Daimler – United States,United States,Est. Salary $86k-$131k,4.1,
"CitiGroup – Long Island City, NY","Long Island City, NY",Est. Salary $105k-$161k,3.5,28 days ago
"Precima – Chicago, IL","Chicago, IL",Est. Salary $91k-$133k,4.2,7 days ago
The Connors Group – United States,United States,Est. Salary $68k-$108k,,14 days ago
"2U – New York, NY","New York, NY",Est. Salary $71k-$111k,3.8,20 days ago
"HP Inc. – Washington, DC","Washington, DC",Est. Salary $97k-$139k,3.7,28 days ago
"Bond Street Group – Chicago, IL","Chicago, IL",,3.0,
"Kane Partners LLC – King of Prussia, PA","King of Prussia, PA",,5.0,
"Silicon Valley Bank – Tempe, AZ","Tempe, AZ",Est. Salary $77k-$120k,3.5,24 days ago
"IntegriChain – Philadelphia, PA","Philadelphia, PA",Est. Salary $47k-$69k,3.4,9 days ago
"Pyramid Consulting – Dallas, TX","Dallas, TX",,3.9,
"InConsulting – Redmond, WA","Redmond, WA",Est. Salary $93k-$142k,5.0,28 days ago
"Nelnet – Highlands Ranch, CO","Highlands Ranch, CO",Est. Salary $82k-$116k,3.6,28 days ago
"Smule – San Francisco, CA","San Francisco, CA",Est. Salary $144k-$205k,3.3,
"QuintilesIMS – Plymouth Meeting, PA","Plymouth Meeting, PA",Est. Salary $92k-$136k,3.4,29 days ago
"Instructure – Salt Lake City, UT","Salt Lake City, UT",Est. Salary $83k-$117k,4.4,6 days ago
"3Ci – Atlanta, GA","Atlanta, GA",Est. Salary $61k-$95k,3.8,
"TiVo – Durham, NC","Durham, NC",,3.4,
"Nexosis – Columbus, OH","Columbus, OH",Est. Salary $51k-$81k,5.0,16 days ago
"FactSet – New York, NY","New York, NY",Est. Salary $99k-$142k,3.7,23 days ago
"Miracle Software Systems Inc – Dearborn, MI","Dearborn, MI",Est. Salary $67k-$103k,2.6,7 days ago
"Zapata Technology – Washington, DC","Washington, DC",Est. Salary $66k-$101k,4.2,17 days ago
"Tesla – Sparks, NV","Sparks, NV",Est. Salary $71k-$104k,3.5,
"Cardinal Technology Solutions – Springfield, NJ","Springfield, NJ",Est. Salary $63k-$100k,3.4,
"Apex Systems – Tampa, FL","Tampa, FL",,3.4,
"Art.com – Emeryville, CA","Emeryville, CA",Est. Salary $98k-$137k,3.5,12 days ago
"ThirdLove – San Francisco, CA","San Francisco, CA",Est. Salary $114k-$166k,4.3,21 days ago
"Payette Group – San Francisco, CA","San Francisco, CA",Est. Salary $97k-$137k,4.6,22 days ago
"Discovery Communications – New York, NY","New York, NY",Est. Salary $90k-$141k,3.5,
"American Savings Bank – Honolulu, HI","Honolulu, HI",Est. Salary $68k-$104k,3.3,15 days ago
"CBRE – Dallas, TX","Dallas, TX",Est. Salary $79k-$120k,3.7,17 days ago
"Predictive Science – Austin, TX","Austin, TX",Est. Salary $69k-$105k,3.0,8 days ago
"Grindr – Los Angeles, CA","Los Angeles, CA",Est. Salary $97k-$149k,4.0,15 days ago
iHerb – United States,United States,Est. Salary $64k-$96k,4.3,24 days ago
"Knewton – New York, NY","New York, NY",Est. Salary $129k-$186k,3.7,7 days ago
ThreatMetrix – United States,United States,Est. Salary $72k-$103k,3.9,
"Rinse – San Francisco, CA","San Francisco, CA",Est. Salary $73k-$104k,3.5,17 days ago
"Smith Hanley Associates – Philadelphia, PA","Philadelphia, PA",,4.3,
"WideOrbit – Bellevue, WA","Bellevue, WA",Est. Salary $114k-$159k,3.5,
"Docurated – New York, NY","New York, NY",Est. Salary $74k-$114k,5.0,19 days ago
"Spotify – New York, NY","New York, NY",Est. Salary $124k-$180k,4.3,9 days ago
"Quantifind – Menlo Park, CA","Menlo Park, CA",Est. Salary $133k-$190k,4.4,20 days ago
"eHealth – San Francisco, CA","San Francisco, CA",Est. Salary $123k-$170k,3.0,13 days ago
"Macy's – New York, NY","New York, NY",Est. Salary $93k-$143k,3.2,
"Kensho – New York, NY","New York, NY",Est. Salary $90k-$153k,,12 days ago
"Trax Technologies – Scottsdale, AZ","Scottsdale, AZ",Est. Salary $67k-$96k,2.8,13 days ago
"i360 – Arlington, VA","Arlington, VA",Est. Salary $77k-$110k,4.3,8 days ago
"Alexander Ash – Madison, WI","Madison, WI",Est. Salary $62k-$99k,2.0,30+ days ago
"CheapOair – New York, NY","New York, NY",Est. Salary $82k-$121k,3.7,5 days ago
"Atrilogy – Hoboken, NJ","Hoboken, NJ",,4.5,27 days ago
"Avanade – Chicago, IL","Chicago, IL",Est. Salary $100k-$148k,3.6,25 days ago
"Société Générale – New York, NY","New York, NY",Est. Salary $109k-$169k,3.4,7 days ago
"United Technologies – Brooklyn, NY","Brooklyn, NY",Est. Salary $79k-$122k,3.3,9 days ago
"FactSet – New York, NY","New York, NY",,3.7,
"Munich RE – Arapahoe, CO","Arapahoe, CO",Est. Salary $77k-$116k,3.8,
"TELUS International Philippines – Las Vegas, NV","Las Vegas, NV",Est. Salary $47k-$75k,3.6,18 days ago
"Praxis Engineering – Reston, VA","Reston, VA",Est. Salary $97k-$143k,4.7,5 days ago
"KAISER – Pasadena, CA","Pasadena, CA",Est. Salary $73k-$110k,3.9,15 days ago
"Cardinal Solutions – Cincinnati, OH","Cincinnati, OH",,4.0,
"SparkBeyond – New York, NY","New York, NY",,,
"Sun Technologies,Inc. – El Segundo, CA","El Segundo, CA",Est. Salary $69k-$109k,5.0,8 days ago
"Mindlance – San Francisco, CA","San Francisco, CA",Est. Salary $97k-$139k,3.0,
"The Washington Post – Washington, DC","Washington, DC",Est. Salary $87k-$131k,4.0,14 days ago
"ASRC Federal Holding Company – Falls Church, VA","Falls Church, VA",Est. Salary $93k-$139k,3.6,
"Near(Singapore) – San Francisco, CA","San Francisco, CA",Est. Salary $113k-$182k,4.2,28 days ago
"InsiderJobBoard.com – Denver, CO","Denver, CO",,,
"LendUp – San Francisco, CA","San Francisco, CA",Est. Salary $114k-$156k,4.3,28 days ago
"Randstad Technologies – Columbia, MD","Columbia, MD",,3.4,
"Engility – Reston, VA","Reston, VA",Est. Salary $75k-$113k,3.1,
"Strayer University – Herndon, VA","Herndon, VA",Est. Salary $57k-$88k,2.9,
"Intel – Santa Clara, CA","Santa Clara, CA",Est. Salary $104k-$148k,3.7,28 days ago
"Honor – San Francisco, CA","San Francisco, CA",Est. Salary $74k-$111k,3.8,7 days ago
"Turnberry Solutions – Philadelphia, PA","Philadelphia, PA",,3.6,
"NBA – New York, NY","New York, NY",Est. Salary $101k-$153k,3.4,24 days ago
"Stanley Black & Decker – New Britain, CT","New Britain, CT",Est. Salary $71k-$108k,3.4,15 days ago
"CALIBRE Systems – Alexandria, VA","Alexandria, VA",Est. Salary $85k-$129k,3.7,
"True Religion Apparel – Manhattan Beach, CA","Manhattan Beach, CA",Est. Salary $92k-$135k,3.4,5 days ago
"Trinity Health – Livonia, MI","Livonia, MI",Est. Salary $61k-$94k,3.1,20 days ago
"Lorven Technologies – Philadelphia, PA","Philadelphia, PA",Est. Salary $64k-$98k,4.0,20 days ago
"Stash – New York, NY","New York, NY",Est. Salary $90k-$153k,,27 days ago
"Primus Software Corp – Warren, NJ","Warren, NJ",Est. Salary $105k-$159k,3.2,
"Bosch – Palo Alto, CA","Palo Alto, CA",Est. Salary $105k-$154k,3.8,8 days ago
"Cars.com LLC – Chicago, IL","Chicago, IL",Est. Salary $75k-$110k,3.3,8 days ago
"Zoomi Inc. – San Francisco, CA","San Francisco, CA",Est. Salary $74k-$111k,4.7,30+ days ago
"Real Capital Analytics – Cambridge, MA","Cambridge, MA",Est. Salary $76k-$119k,4.2,22 days ago
"Metabiota – San Francisco, CA","San Francisco, CA",Est. Salary $118k-$164k,3.0,8 days ago
"Red Ventures – Charlotte, NC","Charlotte, NC",Est. Salary $79k-$115k,3.1,5 days ago
"Petrosoft – Pittsburgh, PA","Pittsburgh, PA",Est. Salary $66k-$101k,3.0,9 days ago
"Thermo Fisher Scientific – Carlsbad, CA","Carlsbad, CA",Est. Salary $63k-$97k,3.2,15 days ago
"Massachusetts General Hospital(MGH) – Boston, MA","Boston, MA",Est. Salary $63k-$97k,3.9,
"Spar Information Systems – Bentonville, AR","Bentonville, AR",Est. Salary $69k-$119k,4.8,26 days ago
"Roland & Associates – New York, NY","New York, NY",Est. Salary $90k-$153k,3.0,
"Navstar – Reston, VA","Reston, VA",Est. Salary $102k-$152k,4.0,6 days ago
"DataRobot – Boston, MA","Boston, MA",Est. Salary $76k-$111k,4.0,24 days ago
"Dotdash – New York, NY","New York, NY",Est. Salary $90k-$153k,2.7,
"Global Technical Talent – Worcester, MA","Worcester, MA",,3.8,
"Altamira Technologies – Chantilly, VA","Chantilly, VA",Est. Salary $94k-$139k,4.1,27 days ago
"Drawbridge – San Mateo, CA","San Mateo, CA",Est. Salary $142k-$197k,4.3,26 days ago
"Hertz – Estero, FL","Estero, FL",Est. Salary $63k-$99k,2.6,24 days ago
"KYYBA – Auburn Hills, MI","Auburn Hills, MI",,3.1,
"BBG Management – Springfield, VA","Springfield, VA",Est. Salary $73k-$108k,4.0,15 days ago
"CitiMortgage – Long Island City, NY","Long Island City, NY",Est. Salary $68k-$109k,3.0,28 days ago
"Securly – San Jose, CA","San Jose, CA",Est. Salary $92k-$132k,5.0,
"Datascope – Chicago, IL","Chicago, IL",Est. Salary $75k-$112k,2.4,23 days ago
"Rodale – New York, NY","New York, NY",Est. Salary $89k-$135k,2.7,22 days ago
"Microtek Medical Holdings – Naperville, IL","Naperville, IL",Est. Salary $78k-$117k,,
"Design Interactive – Orlando, FL","Orlando, FL",Est. Salary $89k-$127k,4.0,
"Cisco Systems – San Jose, CA","San Jose, CA",Est. Salary $89k-$129k,3.9,
"North Highland – Atlanta, GA","Atlanta, GA",Est. Salary $92k-$137k,2.9,7 days ago
"Collabera – Columbus, OH","Columbus, OH",,3.5,
"PulsePoint – New York, NY","New York, NY",Est. Salary $92k-$140k,3.9,23 days ago
"Johnson Controls – Milwaukee, WI","Milwaukee, WI",Est. Salary $83k-$126k,3.3,
"VSolvit LLC – Corona, CA","Corona, CA",Est. Salary $53k-$82k,3.9,
"Object Computing – Saint Louis, MO","Saint Louis, MO",Est. Salary $118k-$174k,3.7,
"The Advisory Board Company – Washington, DC","Washington, DC",Est. Salary $89k-$130k,3.4,7 days ago
"Tumblr – New York, NY","New York, NY",Est. Salary $116k-$170k,3.9,22 days ago
"Boston Consulting Group – New York, NY","New York, NY",Est. Salary $88k-$138k,4.3,
"Impaq International – Columbia, MD","Columbia, MD",Est. Salary $86k-$130k,3.3,
"Riot Games – Los Angeles, CA","Los Angeles, CA",Est. Salary $115k-$164k,4.2,21 days ago
"Bright Health – Minneapolis, MN","Minneapolis, MN",Est. Salary $87k-$146k,,20 days ago
"Global Resource Management – Atlanta, GA","Atlanta, GA",,3.8,
Daimler Trucks North America – United States,United States,Est. Salary $84k-$128k,3.4,
"Wayfair – Boston, MA","Boston, MA",Est. Salary $87k-$124k,3.1,8 days ago
"– Miami, FL","Miami, FL",,,
"IT Associates – Chicago, IL","Chicago, IL",,4.4,
"Vizient – Chicago, IL","Chicago, IL",Est. Salary $108k-$159k,3.2,8 days ago
"Covance – Princeton, NJ","Princeton, NJ",Est. Salary $68k-$109k,2.9,28 days ago
"VDart Inc – Danbury, CT","Danbury, CT",Est. Salary $83k-$118k,3.8,16 days ago
"Calance US – Fort Mill, SC","Fort Mill, SC",,3.9,
Consulting Services Group – United States,United States,Est. Salary $68k-$108k,5.0,24 days ago
"HelloFresh – New York, NY","New York, NY",Est. Salary $60k-$92k,3.3,8 days ago
"Glooko – Mountain View, CA","Mountain View, CA",Est. Salary $92k-$132k,4.4,20 days ago
"Etsy – Brooklyn, NY","Brooklyn, NY",Est. Salary $103k-$152k,3.5,8 days ago
"Rangam Consultants Inc – Peapack, NJ","Peapack, NJ",Est. Salary $78k-$119k,3.8,5 days ago
Ernst & Young – United States,United States,Est. Salary $106k-$163k,3.8,7 days ago
"Pegasus Knowledge Solutions – Rolling Meadows, IL","Rolling Meadows, IL",,3.6,
"Kespry Inc. – Menlo Park, CA","Menlo Park, CA",Est. Salary $100k-$140k,4.8,10 days ago
"LeanTaaS – Santa Clara, CA","Santa Clara, CA",Est. Salary $90k-$129k,4.3,6 days ago
"Conversica – Seattle, WA","Seattle, WA",Est. Salary $62k-$91k,4.1,20 days ago
"JBCConnect – New York, NY","New York, NY",Est. Salary $73k-$113k,4.9,16 days ago
"Eversight, Inc. – Palo Alto, CA","Palo Alto, CA",Est. Salary $92k-$132k,4.8,8 days ago
"AgReliant Genetics – Westfield, IN","Westfield, IN",Est. Salary $52k-$80k,3.5,23 days ago
"RetailMeNot – Austin, TX","Austin, TX",Est. Salary $130k-$184k,3.9,22 days ago
"University of Southern California – Los Angeles, CA","Los Angeles, CA",Est. Salary $56k-$87k,4.3,8 days ago
"Humana – Louisville, KY","Louisville, KY",Est. Salary $58k-$88k,3.4,23 days ago
"Indeed – San Francisco, CA","San Francisco, CA",Est. Salary $100k-$140k,3.6,16 days ago
"Tala – Santa Monica, CA","Santa Monica, CA",Est. Salary $72k-$114k,4.6,26 days ago
"American Family Insurance – Chicago, IL","Chicago, IL",Est. Salary $74k-$110k,3.4,
"Red Lambda – Longwood, FL","Longwood, FL",Est. Salary $82k-$121k,3.3,14 days ago
"ISPA Technology – Tampa, FL","Tampa, FL",Est. Salary $65k-$97k,4.9,13 days ago
"Talent Solutions Group Inc – New York, NY","New York, NY",,3.4,
"Corning – Corning, NY","Corning, NY",Est. Salary $72k-$110k,3.6,16 days ago
"Bizible – Seattle, WA","Seattle, WA",Est. Salary $95k-$138k,4.9,20 days ago
"EY – Athens, GA","Athens, GA",Est. Salary $98k-$152k,3.8,17 days ago
"Cloutera – Seattle, WA","Seattle, WA",Est. Salary $93k-$142k,5.0,23 days ago
"Options Clearing Corporation – Chicago, IL","Chicago, IL",Est. Salary $98k-$147k,2.3,10 days ago
"TALA – Santa Monica, CA","Santa Monica, CA",Est. Salary $92k-$155k,,26 days ago
"Rocket Lawyer – San Francisco, CA","San Francisco, CA",Est. Salary $89k-$124k,3.6,24 days ago
"Stonebridge – Houston, TX","Houston, TX",Est. Salary $83k-$126k,3.4,9 days ago
"KellyMitchell Group – Temple Terrace, FL","Temple Terrace, FL",,3.2,
"Brown University – Providence, RI","Providence, RI",Est. Salary $48k-$75k,4.3,27 days ago
"Upside – Washington, DC","Washington, DC",Est. Salary $73k-$108k,5.0,10 days ago
"Hearts & Science – Los Angeles, CA","Los Angeles, CA",Est. Salary $92k-$155k,2.7,7 days ago
"Volkswagen Group of America – Auburn Hills, MI","Auburn Hills, MI",Est. Salary $76k-$116k,3.3,19 days ago
"Altair – Troy, MI","Troy, MI",Est. Salary $70k-$100k,4.1,
"Dealer Tire – Cleveland, OH","Cleveland, OH",Est. Salary $95k-$140k,3.0,
"Concur Technologies – Bellevue, WA","Bellevue, WA",Est. Salary $111k-$155k,4.0,28 days ago
"Mercari – San Francisco, CA","San Francisco, CA",Est. Salary $82k-$117k,3.4,26 days ago
"Dataiku – New York, NY","New York, NY",Est. Salary $74k-$114k,4.7,10 days ago
"Diverse Lynx LLC – Harrisburg, PA","Harrisburg, PA",Est. Salary $96k-$143k,3.9,16 days ago
"MOJA – Reston, VA","Reston, VA",Est. Salary $77k-$121k,5.0,10 days ago
"Beacon Hill Staffing Group – Boston, MA","Boston, MA",,4.4,17 days ago
"Alliance Sourcing Network – Atlanta, GA","Atlanta, GA",Est. Salary $71k-$122k,,
"Lexington Solutions Group – Washington, DC","Washington, DC",Est. Salary $77k-$121k,,5 days ago
"DIVERSANT, LLC. – New York, NY","New York, NY",Est. Salary $105k-$161k,3.6,
"Fourth Technologies – Cleveland, OH","Cleveland, OH",,4.3,
"Waltham Technologies – Miami, FL","Miami, FL",Est. Salary $76k-$129k,5.0,7 days ago
"CareKinesis – Mount Pleasant, SC","Mount Pleasant, SC",Est. Salary $55k-$85k,3.1,8 days ago
"Rose International – Los Angeles, CA","Los Angeles, CA",,3.5,
"Gayathri's Sandbox – Menlo Park, CA","Menlo Park, CA",,,
"TechUSA – New York, NY","New York, NY",,3.1,
"Tavant Technologies Inc – Santa Clara, CA","Santa Clara, CA",Est. Salary $99k-$144k,3.6,7 days ago
"Rapid7 – Cambridge, MA","Cambridge, MA",Est. Salary $97k-$138k,3.8,23 days ago
"Polaris Industries – Minneapolis, MN","Minneapolis, MN",Est. Salary $81k-$121k,3.1,23 days ago
"Stanford School of Medicine – Stanford, CA","Stanford, CA",Est. Salary $80k-$121k,4.0,17 days ago
"NWN Corporation – Greenville, SC","Greenville, SC",,2.7,
"Halfaker and Associates – Arlington, VA","Arlington, VA",Est. Salary $82k-$123k,4.4,28 days ago
"NJF Global Holdings – New York, NY","New York, NY",Est. Salary $75k-$120k,3.9,8 days ago
"Corporate Biz Solutions Inc – Edison, NJ","Edison, NJ",Est. Salary $77k-$115k,,19 days ago
"Grammarly – San Francisco, CA","San Francisco, CA",Est. Salary $94k-$135k,4.3,19 days ago
"Avid Technology Professionals – Reston, VA","Reston, VA",Est. Salary $77k-$121k,3.2,5 days ago
"Intekras, Inc. – Reston, VA","Reston, VA",Est. Salary $84k-$141k,5.0,12 days ago
"Metroplus Health Plan – New York, NY","New York, NY",Est. Salary $58k-$92k,2.4,6 days ago
"Trusted Insight, Inc. – San Francisco, CA","San Francisco, CA",Est. Salary $95k-$142k,,9 days ago
"Green Key Resources – Wilmington, DE","Wilmington, DE",,4.5,
"Walmart – Plano, TX","Plano, TX",Est. Salary $75k-$121k,3.2,12 days ago
"Bosch Security – Palo Alto, CA","Palo Alto, CA",Est. Salary $111k-$162k,3.8,6 days ago
"Biz2Credit – New York, NY","New York, NY",Est. Salary $75k-$120k,4.0,4 days ago
"Brine Group Staffing Solutions – Boston, MA","Boston, MA",,4.5,
"The Judge Group, Inc. – Centennial, CO","Centennial, CO",,3.2,
"Our Company – Mountain View, CA","Mountain View, CA",Est. Salary $110k-$181k,,
"Zephyr Health – San Francisco, CA","San Francisco, CA",Est. Salary $81k-$116k,2.8,8 days ago
"Element Fleet Management – Van Buren Township, MI","Van Buren Township, MI",Est. Salary $82k-$117k,2.7,
"SNI Technology – Malden, MA","Malden, MA",,3.0,16 days ago
"WesternGeco – Houston, TX","Houston, TX",Est. Salary $89k-$132k,3.1,14 days ago
"BPA Technologies, Inc. – New York, NY","New York, NY",Est. Salary $94k-$139k,4.3,12 days ago
"Intelligent Medical Objects, Inc. – Northbrook, IL","Northbrook, IL",Est. Salary $77k-$113k,4.3,
"Coyote Logistics – Chicago, IL","Chicago, IL",Est. Salary $78k-$118k,3.4,15 days ago
"CreativeLive – San Francisco, CA","San Francisco, CA",Est. Salary $106k-$148k,3.8,8 days ago
"Uber – New York, NY","New York, NY",Est. Salary $88k-$131k,4.2,
"Intrexon Corporation – Germantown, MD","Germantown, MD",Est. Salary $58k-$89k,2.8,23 days ago
"TRL – Bristol, CT","Bristol, CT",Est. Salary $55k-$84k,2.7,27 days ago
"Obsidian Analysis – Washington, DC","Washington, DC",Est. Salary $127k-$194k,2.2,7 days ago
"Google – San Francisco, CA","San Francisco, CA",Est. Salary $143k-$204k,4.4,16 days ago
"Patientco – Atlanta, GA","Atlanta, GA",Est. Salary $61k-$91k,4.4,16 days ago
"First Solar – Tempe, AZ","Tempe, AZ",,3.5,
"Wheelhouse – San Francisco, CA","San Francisco, CA",Est. Salary $120k-$166k,4.0,5 days ago
"Johns Hopkins All Children's Hospital – Saint Petersburg, FL","Saint Petersburg, FL",Est. Salary $66k-$100k,3.4,23 days ago
"Upstart – San Carlos, CA","San Carlos, CA",Est. Salary $120k-$177k,4.6,16 days ago
"Analytical Mechanics Associates – Plano, TX","Plano, TX",Est. Salary $85k-$128k,3.6,22 days ago
"Sitecore – Sausalito, CA","Sausalito, CA",Est. Salary $125k-$174k,3.1,22 days ago
"Hollister Staffing – Boston, MA","Boston, MA",Est. Salary $73k-$105k,4.0,10 days ago
"UPS – Mahwah, NJ","Mahwah, NJ",Est. Salary $92k-$144k,3.5,21 days ago
"Frontier Communications – Norwalk, CT","Norwalk, CT",Est. Salary $78k-$122k,2.6,22 days ago
"Savi Technology – Alexandria, VA","Alexandria, VA",Est. Salary $91k-$130k,3.1,24 days ago
"Nauto – Palo Alto, CA","Palo Alto, CA",Est. Salary $92k-$132k,4.2,16 days ago
Océ – United States,United States,Est. Salary $65k-$94k,3.2,10 days ago
"Suffolk Construction – Boston, MA","Boston, MA",Est. Salary $101k-$150k,4.2,
"Haystack Informatics – Philadelphia, PA","Philadelphia, PA",,,
"Oscar – New York, NY","New York, NY",Est. Salary $89k-$140k,3.9,15 days ago
"Office Depot OfficeMax – Boca Raton, FL","Boca Raton, FL",Est. Salary $85k-$131k,3.2,30+ days ago
"PTP – Gold River, CA","Gold River, CA",Est. Salary $74k-$107k,4.0,9 days ago
"Neuberger Berman – New York, NY","New York, NY",Est. Salary $97k-$147k,3.3,5 days ago
"SoFi – San Francisco, CA","San Francisco, CA",Est. Salary $119k-$172k,3.7,28 days ago
Thomson Reuters – United States,United States,Est. Salary $76k-$110k,3.6,
"Lawrence Livermore National Laboratory (LLNL) – Livermore, CA","Livermore, CA",,,
"BioReliance – Rockland, MA","Rockland, MA",Est. Salary $62k-$95k,3.1,22 days ago
"John Hancock Financial Services – Boston, MA","Boston, MA",Est. Salary $84k-$126k,3.6,5 days ago
"WeWork – New York, NY","New York, NY",Est. Salary $91k-$134k,2.9,16 days ago
Zenetex LLC – United States,United States,Est. Salary $87k-$129k,4.3,17 days ago
"RangTech – Jersey City, NJ","Jersey City, NJ",,3.6,22 days ago
"Aruba HPE – Santa Clara, CA","Santa Clara, CA",,,
"Analysis Group, Inc. – Boston, MA","Boston, MA",Est. Salary $60k-$93k,,
"Getty Images – Seattle, WA","Seattle, WA",Est. Salary $96k-$138k,3.6,10 days ago
"Fino Consulting – New York, NY","New York, NY",Est. Salary $98k-$148k,4.0,22 days ago
"Spectraforce Technologies Inc – Tampa, FL","Tampa, FL",,3.6,
"BSQUARE – Bellevue, WA","Bellevue, WA",Est. Salary $110k-$154k,3.1,14 days ago
"Apptopia – Boston, MA","Boston, MA",Est. Salary $67k-$99k,2.9,11 days ago
"Crowe Horwath – Chicago, IL","Chicago, IL",Est. Salary $84k-$126k,3.6,6 days ago
"Softworld Inc – Westwood, MA","Westwood, MA",,4.1,
"Exxon Mobil – Houston, TX","Houston, TX",Est. Salary $85k-$132k,3.8,
"Stonebridge – Tulsa, OK","Tulsa, OK",Est. Salary $67k-$102k,3.7,26 days ago
"IHS Markit – Washington, DC","Washington, DC",Est. Salary $69k-$105k,3.3,5 days ago
"Abbott Laboratories – Irving, TX","Irving, TX",Est. Salary $71k-$108k,3.5,17 days ago
"Xaqt – Kansas City, MO","Kansas City, MO",,,
"Entergy Arkansas – The Woodlands, TX","The Woodlands, TX",Est. Salary $72k-$113k,3.7,7 days ago
"LCS Financial – Falls Church, VA","Falls Church, VA",Est. Salary $68k-$107k,4.0,17 days ago
"AmTrust Financial Services – Cleveland, OH","Cleveland, OH",Est. Salary $67k-$101k,2.9,30+ days ago
"Nelson Intelligence Solutions – Denver, CO","Denver, CO",,,
"PDDN INC. – Seattle, WA","Seattle, WA",Est. Salary $74k-$109k,,20 days ago
"Faraday Future – San Jose, CA","San Jose, CA",Est. Salary $119k-$171k,3.3,19 days ago
"Noblis – Washington, DC","Washington, DC",Est. Salary $66k-$100k,3.8,
"Tec-Masters, Inc. – Huntsville, AL","Huntsville, AL",Est. Salary $70k-$106k,3.5,7 days ago
"Starpoint Solutions – Weehawken, NJ","Weehawken, NJ",,3.2,
"CBS Corporation – New York, NY","New York, NY",Est. Salary $86k-$135k,3.2,
"General Dynamics – Springfield, VA","Springfield, VA",Est. Salary $77k-$116k,2.9,15 days ago
"PlaceIQ – New York, NY","New York, NY",Est. Salary $102k-$155k,3.0,
"Plymouth Rock Assurance – Boston, MA","Boston, MA",Est. Salary $74k-$111k,3.4,28 days ago
"Murmuration – New York, NY","New York, NY",,,
Alkermes – United States,United States,Est. Salary $83k-$124k,3.5,
"Point72 – Stamford, CT","Stamford, CT",Est. Salary $106k-$160k,4.2,20 days ago
Vencore – United States,United States,Est. Salary $64k-$97k,3.2,
"Consultants 2 Go – Washington, DC","Washington, DC",Est. Salary $80k-$125k,4.0,8 days ago
"Condé Nast – New York, NY","New York, NY",Est. Salary $97k-$147k,3.1,14 days ago
"Saga Group – Folkestone, SC","Folkestone, SC",Est. Salary $65k-$100k,3.6,16 days ago
"Ayasdi – Menlo Park, CA","Menlo Park, CA",Est. Salary $136k-$189k,3.8,15 days ago
"Pekin Insurance – Pekin, IL","Pekin, IL",Est. Salary $63k-$95k,3.7,10 days ago
"Ke`aki Technologies, LLC – United States",United States,Est. Salary $72k-$108k,3.4,
"Cambia Health Solutions – Portland, OR","Portland, OR",Est. Salary $101k-$149k,3.0,20 days ago
"Engineering Technology Associates – Troy, MI","Troy, MI",,3.4,8 days ago
GreatCall – United States,United States,Est. Salary $70k-$101k,3.1,10 days ago
"Prosper – San Francisco, CA","San Francisco, CA",Est. Salary $109k-$155k,2.9,14 days ago
"Sogeti – Omaha, NE","Omaha, NE",Est. Salary $71k-$108k,3.2,27 days ago
"Mercy Health – Cincinnati, OH","Cincinnati, OH",Est. Salary $57k-$89k,3.2,6 days ago
"MoTek Technologies – San Mateo, CA","San Mateo, CA",,3.6,
"Maxonic – Carlsbad, CA","Carlsbad, CA",,2.9,
"ERGO Insurance Group – Parktown, NC","Parktown, NC",Est. Salary $66k-$100k,3.3,15 days ago
"Conversant – Chicago, IL","Chicago, IL",Est. Salary $91k-$134k,3.2,22 days ago
"Calence LLC – Fort Mill, SC","Fort Mill, SC",Est. Salary $62k-$96k,3.8,
"ResourceSoft – Edison, NJ","Edison, NJ",Est. Salary $88k-$135k,3.3,
"One Concern – Palo Alto, CA","Palo Alto, CA",Est. Salary $110k-$181k,5.0,27 days ago
"Brandless – San Francisco, CA","San Francisco, CA",,,
"Grant Thornton – Washington, DC","Washington, DC",Est. Salary $87k-$131k,3.8,21 days ago
"Geico – Chevy Chase, MD","Chevy Chase, MD",Est. Salary $70k-$106k,3.3,14 days ago
"Ibiztek Solutions – Baltimore, MD","Baltimore, MD",Est. Salary $81k-$127k,1.0,21 days ago
"Creospan – Irving, TX","Irving, TX",,2.8,
"NCQA – Washington, DC","Washington, DC",Est. Salary $71k-$107k,3.6,7 days ago
"Egnyte – Mountain View, CA","Mountain View, CA",Est. Salary $129k-$181k,3.7,8 days ago
"UTC Aerospace Systems – Charlotte, NC","Charlotte, NC",Est. Salary $66k-$102k,3.2,20 days ago
"Skyhigh Networks – Campbell, CA","Campbell, CA",Est. Salary $118k-$167k,3.8,13 days ago
"Capco – New York, NY","New York, NY",Est. Salary $101k-$151k,3.4,13 days ago
"Levi Strauss – San Francisco, CA","San Francisco, CA",Est. Salary $130k-$185k,3.5,8 days ago
Qualogy – United States,United States,Est. Salary $68k-$98k,4.0,6 days ago
"Newell Rubbermaid – Atlanta, GA","Atlanta, GA",Est. Salary $71k-$107k,3.0,30+ days ago
"Berg Health – Framingham, MA","Framingham, MA",Est. Salary $85k-$134k,2.6,16 days ago
"SkillsEQ – New York, NY","New York, NY",,,5 days ago
"Vibrent Health – Fairfax, VA","Fairfax, VA",Est. Salary $80k-$121k,4.7,7 days ago
"ICONMA – Chesterfield, MO","Chesterfield, MO",,3.4,
"BetterCompany – San Francisco, CA","San Francisco, CA",,,
"InCadence Strategic Solutions – Washington, DC","Washington, DC",Est. Salary $80k-$121k,4.8,15 days ago
"OfferUp – Seattle, WA","Seattle, WA",Est. Salary $108k-$155k,3.8,
"CSRA – Washington, DC","Washington, DC",Est. Salary $86k-$130k,3.1,5 days ago
"Civis Analytics – Washington, DC","Washington, DC",Est. Salary $65k-$98k,4.5,
"CICONIX – San Antonio, TX","San Antonio, TX",,,
"Smith Hanley Associates – Seattle, WA","Seattle, WA",,4.3,
"Eero – San Francisco, CA","San Francisco, CA",Est. Salary $97k-$137k,4.0,
"Huawei Technologies – Santa Clara, CA","Santa Clara, CA",Est. Salary $108k-$159k,3.1,15 days ago
"Dia&Co – New York, NY","New York, NY",Est. Salary $90k-$153k,3.4,15 days ago
"Signature Science – Arlington, VA","Arlington, VA",Est. Salary $57k-$89k,2.5,13 days ago
"Under Armour Connected Fitness – San Francisco, CA","San Francisco, CA",,,
"Verizon – Basking Ridge, NJ","Basking Ridge, NJ",Est. Salary $140k-$210k,3.5,20 days ago
"RiverPoint – Overland Park, KS","Overland Park, KS",,3.5,
"Open Systems Technologies (NYC) – New York, NY","New York, NY",Est. Salary $108k-$165k,3.9,
G2 Global Solutions – United States,United States,Est. Salary $73k-$126k,,
"PromGirl – New York, NY","New York, NY",Est. Salary $91k-$139k,2.7,17 days ago
"American Society of Cataract and Refractive Surgery – Fairfax, VA","Fairfax, VA",Est. Salary $73k-$117k,4.0,22 days ago
"Hewlett Packard Enterprise – Santa Clara, CA","Santa Clara, CA",Est. Salary $94k-$134k,3.3,4 days ago
"Blue State Digital – New York, NY","New York, NY",Est. Salary $94k-$144k,3.9,26 days ago
"REX - Real Estate Exchange – Austin, TX","Austin, TX",Est. Salary $81k-$137k,,24 days ago
"Macy's – New York, NY","New York, NY",Est. Salary $93k-$143k,3.2,15 days ago
"Intel – Santa Clara, CA","Santa Clara, CA",Est. Salary $77k-$112k,3.7,7 days ago
"ingenium.agency – New York, NY","New York, NY",,,
"ICF – Fairfax, VA","Fairfax, VA",Est. Salary $87k-$129k,3.6,21 days ago
"GroupM – Los Angeles, CA","Los Angeles, CA",Est. Salary $86k-$128k,3.2,20 days ago
Silo – United States,United States,Est. Salary $73k-$126k,5.0,23 days ago
"MOS Creative – Linthicum Heights, MD","Linthicum Heights, MD",Est. Salary $79k-$124k,2.3,30+ days ago
"State Farm Insurance – Bloomington, IL","Bloomington, IL",Est. Salary $77k-$115k,3.3,4 days ago
"Varian Medical Systems, Inc. – Palo Alto, CA","Palo Alto, CA",Est. Salary $129k-$188k,3.6,14 days ago
"Strategic Employment Partners – Cambridge, MA","Cambridge, MA",Est. Salary $71k-$113k,5.0,20 days ago
"Apria Healthcare – Lake Forest, CA","Lake Forest, CA",Est. Salary $62k-$95k,2.7,23 days ago
"Calico – South San Francisco, CA","South San Francisco, CA",Est. Salary $130k-$208k,5.0,9 days ago
"Houzz – Palo Alto, CA","Palo Alto, CA",Est. Salary $87k-$124k,3.6,16 days ago
"RangTech – New York, NY","New York, NY",,3.6,17 days ago
"comScore, Inc – Portland, OR","Portland, OR",Est. Salary $84k-$119k,3.2,22 days ago
"CEP America – Emeryville, CA","Emeryville, CA",Est. Salary $104k-$148k,3.8,28 days ago
"Numentica – Kennesaw, GA","Kennesaw, GA",,,
"MZ – Palo Alto, CA","Palo Alto, CA",Est. Salary $120k-$171k,3.8,20 days ago
"Astreya – Mountain View, CA","Mountain View, CA",,3.3,
"Symphony Health Solutions – Phoenix, AZ","Phoenix, AZ",Est. Salary $92k-$143k,2.5,25 days ago
"Precision Solutions – Washington, DC","Washington, DC",Est. Salary $77k-$121k,3.6,8 days ago
"J.B. Hunt – Lowell, AR","Lowell, AR",Est. Salary $62k-$100k,3.3,6 days ago
"TEKREQS, Inc. – New York, NY","New York, NY",,,
"Hunter Technical Resources – Atlanta, GA","Atlanta, GA",,4.9,
"AXA Insurance – Independent, LA","Independent, LA",Est. Salary $69k-$107k,3.0,5 days ago
"Latitude, Inc. – Orlando, FL","Orlando, FL",,3.1,7 days ago
"In-Q-Tel – Menlo Park, CA","Menlo Park, CA",Est. Salary $100k-$140k,3.2,9 days ago
"Cubic – McLean, VA","McLean, VA",Est. Salary $80k-$115k,3.4,
"Windlogics, Inc. – North Palm Beach, FL","North Palm Beach, FL",Est. Salary $84k-$128k,3.4,12 days ago
"Assured Consulting Solutions – Washington, DC","Washington, DC",Est. Salary $71k-$121k,5.0,
"Mental Health Center of Denver – Denver, CO","Denver, CO",Est. Salary $59k-$91k,3.6,
"NeoHire South – Century City, CA","Century City, CA",,,
"Transamerica – Denver, CO","Denver, CO",Est. Salary $80k-$119k,2.9,14 days ago
"Aegon USA Investment Management – Denver, CO","Denver, CO",Est. Salary $86k-$128k,3.4,14 days ago
"Kimberly-Clark – Neenah, WI","Neenah, WI",Est. Salary $88k-$134k,3.7,15 days ago
"Advantage SCI – Washington, DC","Washington, DC",Est. Salary $80k-$121k,4.0,16 days ago
"The Robinson Group – Wayne, PA","Wayne, PA",Est. Salary $63k-$95k,2.8,
"Hospital Corporation of America – Nashville, TN","Nashville, TN",Est. Salary $68k-$104k,3.5,
"Chef'd – El Segundo, CA","El Segundo, CA",Est. Salary $78k-$115k,2.7,16 days ago
"USAA – San Antonio, TX","San Antonio, TX",Est. Salary $58k-$88k,3.7,13 days ago
"Yang Technical Solutions – San Jose, CA","San Jose, CA",,,23 days ago
"NVIDIA – Santa Clara, CA","Santa Clara, CA",,4.4,
"Capital One – McLean, VA","McLean, VA",Est. Salary $81k-$125k,3.8,9 days ago
"BARRICK CORTEZ – Henderson, NV","Henderson, NV",Est. Salary $71k-$112k,3.9,15 days ago
"Davis Innovators – Redwood City, CA","Redwood City, CA",Est. Salary $113k-$182k,,21 days ago
"NICE – Hoboken, NJ","Hoboken, NJ",Est. Salary $103k-$150k,3.5,19 days ago
"Heal – Los Angeles, CA","Los Angeles, CA",Est. Salary $92k-$155k,2.9,19 days ago
"MISource, Inc. – Tampa, FL","Tampa, FL",Est. Salary $69k-$106k,4.1,27 days ago
"Fuel Cycle – Los Angeles, CA","Los Angeles, CA",Est. Salary $92k-$155k,3.2,10 days ago
"Fossil – Richardson, TX","Richardson, TX",Est. Salary $91k-$136k,3.6,13 days ago
"– Cincinnati, OH","Cincinnati, OH",,,
"Atria Senior Living – Louisville, KY","Louisville, KY",Est. Salary $44k-$68k,2.8,12 days ago
"SaveSoft, Inc – Adams, MA","Adams, MA",Est. Salary $67k-$116k,5.0,25 days ago
"FME US, LLC – Danbury, CT","Danbury, CT",,,
"Hearst Digital Media – New York, NY","New York, NY",Est. Salary $98k-$155k,3.5,6 days ago
"Adobe – San Jose, CA","San Jose, CA",Est. Salary $123k-$172k,4.1,12 days ago
"Treselle Systems – Campbell, CA","Campbell, CA",Est. Salary $110k-$181k,2.6,9 days ago
"Reverb.com – Chicago, IL","Chicago, IL",Est. Salary $57k-$88k,4.9,9 days ago
"Nike – Portland, OR","Portland, OR",Est. Salary $77k-$114k,3.9,5 days ago
"Lands' End – Dodgeville, WI","Dodgeville, WI",Est. Salary $115k-$166k,3.3,21 days ago
"CATCH Intelligence – Topeka, KS","Topeka, KS",Est. Salary $72k-$113k,4.0,9 days ago
"Mosaic ATM – Leesburg, VA","Leesburg, VA",Est. Salary $67k-$107k,5.0,30+ days ago
"Citibank – Long Island City, NY","Long Island City, NY",Est. Salary $85k-$134k,3.4,28 days ago
"Crowe Horwath LLP – Indianapolis, IN","Indianapolis, IN",Est. Salary $76k-$115k,3.6,
"Foundry.ai – Washington, DC","Washington, DC",Est. Salary $84k-$141k,,15 days ago
"Google – Seattle, WA","Seattle, WA",Est. Salary $127k-$186k,4.4,7 days ago
"Facebook – Menlo Park, CA","Menlo Park, CA",Est. Salary $97k-$141k,4.6,22 days ago
"TOLMAR – Windsor, CO","Windsor, CO",,3.1,
"a2z Development Center – Cambridge, MA","Cambridge, MA",Est. Salary $116k-$169k,3.0,14 days ago
"Wiser – Springfield, VA","Springfield, VA",Est. Salary $82k-$124k,3.1,
"Genentech – South San Francisco, CA","South San Francisco, CA",Est. Salary $99k-$142k,4.0,6 days ago
"athenahealth – Watertown, MA","Watertown, MA",Est. Salary $95k-$135k,3.3,14 days ago
"IDC Technologies – McLean, VA","McLean, VA",Est. Salary $63k-$97k,3.9,21 days ago
"Decision Resources Group – Boston, MA","Boston, MA",Est. Salary $99k-$146k,2.5,25 days ago
"Townsend & Associates – Peapack, NJ","Peapack, NJ",,3.1,
"Vanda – Washington, DC","Washington, DC",Est. Salary $66k-$102k,2.4,16 days ago
"Prime Team Partners – Bellevue, WA","Bellevue, WA",,4.7,
"Rean Cloud – Herndon, VA","Herndon, VA",Est. Salary $77k-$121k,3.9,16 days ago
"Pangea Universal Holdings – Chicago, IL","Chicago, IL",Est. Salary $78k-$132k,,27 days ago
"Citrine – Redwood City, CA","Redwood City, CA",Est. Salary $99k-$143k,2.6,27 days ago
"Ancestry – San Francisco, CA","San Francisco, CA",Est. Salary $122k-$169k,4.1,8 days ago
"OnDeck – New York, NY","New York, NY",Est. Salary $103k-$148k,2.8,15 days ago
"DUIT – Herndon, VA","Herndon, VA",Est. Salary $76k-$110k,2.0,18 days ago
"FraudScope, Inc. – Atlanta, GA","Atlanta, GA",,,
"testaug – Dallas, TX","Dallas, TX",,,8 days ago
"Global Software Resources – San Francisco, CA","San Francisco, CA",Est. Salary $128k-$187k,2.9,22 days ago
"Macmillan Learning – Boston, MA","Boston, MA",Est. Salary $77k-$117k,3.0,23 days ago
Asurion – United States,United States,Est. Salary $70k-$110k,3.4,10 days ago
"Facebook – New York, NY","New York, NY",Est. Salary $99k-$151k,4.6,6 days ago
"Bridgestone Industrial Products – Roma, TX","Roma, TX",Est. Salary $62k-$98k,4.0,23 days ago
"Target – Pittsburgh, PA","Pittsburgh, PA",Est. Salary $90k-$132k,3.4,19 days ago
"Stanley Black & Decker, Inc. – Atlanta, GA","Atlanta, GA",Est. Salary $37k-$56k,3.4,10 days ago
"DRW – New York, NY","New York, NY",Est. Salary $153k-$229k,3.9,18 days ago
"N/A – Palo Alto, CA","Palo Alto, CA",Est. Salary $86k-$132k,3.4,22 days ago
"3M – Maplewood, MN","Maplewood, MN",Est. Salary $101k-$150k,3.8,15 days ago
"Entergy Nuclear – The Woodlands, TX","The Woodlands, TX",Est. Salary $102k-$151k,3.2,7 days ago
"ACI Worldwide – Providence, RI","Providence, RI",Est. Salary $104k-$145k,2.9,13 days ago
"St. Joseph Mercy Hospital – Livonia, MI","Livonia, MI",Est. Salary $55k-$84k,3.2,5 days ago
"Trinity Industries, Inc. – Dallas, TX","Dallas, TX",Est. Salary $75k-$115k,3.3,5 days ago
"Integrated DNA Technologies – Coralville, IA","Coralville, IA",Est. Salary $45k-$65k,3.5,
"Children's Memorial Hospital – Chicago, IL","Chicago, IL",Est. Salary $60k-$91k,4.1,18 days ago
"Phosphorus – New York, NY","New York, NY",Est. Salary $76k-$131k,4.5,15 days ago
"Color Genomics – Burlingame, CA","Burlingame, CA",Est. Salary $130k-$208k,5.0,
"Strata Decision Technology – Chicago, IL","Chicago, IL",Est. Salary $105k-$149k,3.7,21 days ago
"Pragmatics, Inc. – Suitland, MD","Suitland, MD",Est. Salary $91k-$136k,3.4,19 days ago
"Amazon – Seattle, WA","Seattle, WA",Est. Salary $120k-$168k,3.6,
"Slice (NY) – New York, NY","New York, NY",Est. Salary $90k-$153k,,24 days ago
"NextGen Information Services – El Segundo, CA","El Segundo, CA",,3.8,
"2U HQ - Lanham Office – New York, NY","New York, NY",,,
"Outfront Media – New York, NY","New York, NY",Est. Salary $76k-$117k,3.0,14 days ago
"Ann & Robert H. Lurie Childrens Hospital of Chicago – Chicago, IL","Chicago, IL",Est. Salary $50k-$78k,3.6,20 days ago
"M.Gemi – Boston, MA","Boston, MA",Est. Salary $88k-$148k,2.1,23 days ago
"Abbott – Irving, TX","Irving, TX",Est. Salary $65k-$99k,3.5,19 days ago
"Whiteboard Federal Technologies Corporation – Herndon, VA","Herndon, VA",Est. Salary $98k-$153k,4.3,7 days ago
"KEMTechnology – McLean, VA","McLean, VA",,,
"PlanetRisk, Inc – McLean, VA","McLean, VA",Est. Salary $84k-$141k,2.6,7 days ago
"Occidental Petroleum – Wichita, KS","Wichita, KS",Est. Salary $79k-$112k,3.7,
"AdRoll – San Francisco, CA","San Francisco, CA",Est. Salary $118k-$163k,4.0,
"American Bureau of Shipping – Arlington, VA","Arlington, VA",Est. Salary $109k-$160k,2.3,22 days ago
"Acorns – Irvine, CA","Irvine, CA",Est. Salary $101k-$146k,4.4,
"Illinois Mathematics and Science Academy – Aurora, IL","Aurora, IL",Est. Salary $53k-$81k,2.5,
"Watsco – Coconut Grove, FL","Coconut Grove, FL",Est. Salary $94k-$139k,2.5,14 days ago
"Robert Bosch LLC – Palo Alto, CA","Palo Alto, CA",Est. Salary $118k-$172k,3.6,6 days ago
"Stanford University – Stanford, CA","Stanford, CA",Est. Salary $80k-$118k,4.2,10 days ago
"Mist Systems – Cupertino, CA","Cupertino, CA",Est. Salary $110k-$181k,4.0,15 days ago
"Galvanize – Denver, CO","Denver, CO",Est. Salary $114k-$164k,4.1,14 days ago
"Career Evolutions – Phoenix, AZ","Phoenix, AZ",,,
"Blackwood Seven – Los Angeles, CA","Los Angeles, CA",Est. Salary $92k-$155k,3.5,28 days ago
"Google – San Bruno, CA","San Bruno, CA",Est. Salary $143k-$204k,4.4,9 days ago
"Fitbit – San Francisco, CA","San Francisco, CA",Est. Salary $119k-$165k,3.2,
"Xebia – Atlanta, GA","Atlanta, GA",Est. Salary $70k-$105k,3.6,22 days ago
"FedEx – Memphis, TN","Memphis, TN",Est. Salary $72k-$113k,3.8,
"CA Technologies – San Diego, CA","San Diego, CA",Est. Salary $140k-$198k,3.3,15 days ago
"CHEP – Palo Alto, CA","Palo Alto, CA",Est. Salary $109k-$162k,3.4,20 days ago
"Sangamo Therapeutics – Richmond, CA","Richmond, CA",Est. Salary $67k-$97k,4.0,28 days ago
"Lumosity – San Francisco, CA","San Francisco, CA",Est. Salary $165k-$227k,4.4,5 days ago
"Glassdoor – Mill Valley, CA","Mill Valley, CA",Est. Salary $122k-$166k,4.0,7 days ago
"Aetna – New York, NY","New York, NY",Est. Salary $126k-$183k,3.3,22 days ago
"Clover Health – San Francisco, CA","San Francisco, CA",Est. Salary $127k-$182k,3.6,15 days ago
"Blue Cross and Blue Shield of North Carolina – Greensboro, NC","Greensboro, NC",Est. Salary $74k-$107k,3.5,22 days ago
Talent Solvers – United States,United States,,,
"Huxley Associates – Boston, MA","Boston, MA",,3.3,
"M-I SWACO – Houston, TX","Houston, TX",Est. Salary $83k-$125k,3.4,14 days ago
"Engie – Charlotte, NC","Charlotte, NC",,3.4,
"Amazon Capital Services, Inc. – Seattle, WA","Seattle, WA",,,
"Samsung Pay – Mountain View, CA","Mountain View, CA",,,21 days ago
"SaveSoft, Inc – Linthicum Heights, MD","Linthicum Heights, MD",Est. Salary $71k-$121k,5.0,30+ days ago
"3M – Maplewood, MN","Maplewood, MN",Est. Salary $101k-$150k,3.8,10 days ago
"IDEXX Laboratories, Inc – Westbrook, ME","Westbrook, ME",Est. Salary $63k-$99k,3.1,9 days ago
"Glassdoor – Mill Valley, CA","Mill Valley, CA",Est. Salary $136k-$185k,4.0,
"refrme.co – San Jose, CA","San Jose, CA",,,
"Akamai – Santa Clara, CA","Santa Clara, CA",Est. Salary $111k-$155k,4.0,10 days ago
"Stratford Solutions Inc. – New York, NY","New York, NY",,,
"Florida Hospital – Celebration, FL","Celebration, FL",,3.7,
"General Assembly – Portland, OR","Portland, OR",Est. Salary $104k-$149k,4.0,10 days ago
"SEI Investments – Oaks, PA","Oaks, PA",Est. Salary $64k-$98k,3.5,30+ days ago
"Deloitte – Arlington, VA","Arlington, VA",Est. Salary $118k-$176k,3.8,15 days ago
"Uber – Pittsburgh, PA","Pittsburgh, PA",Est. Salary $74k-$109k,4.2,25 days ago
"PNA Innovations – Woburn, MA","Woburn, MA",,,
"Focus Capital Markets – Greenwich, CT","Greenwich, CT",Est. Salary $72k-$110k,,30+ days ago
"PI – Berkeley, CA","Berkeley, CA",Est. Salary $97k-$137k,4.3,28 days ago
"Uber – Washington, DC","Washington, DC",Est. Salary $120k-$168k,4.2,22 days ago
"McGraw-Hill Financial – Charlottesville, VA","Charlottesville, VA",Est. Salary $77k-$118k,3.4,16 days ago
"Leap Hospitality – Phoenix, AZ","Phoenix, AZ",,,21 days ago
"University of Pennsylvania – Philadelphia, PA","Philadelphia, PA",Est. Salary $53k-$83k,4.1,25 days ago
"Joseph Michaels International – Seattle, WA","Seattle, WA",Est. Salary $65k-$101k,,30 days ago
"Oliver Wyman – New York, NY","New York, NY",Est. Salary $101k-$152k,4.2,20 days ago
"Lockheed Martin – Trumbull, CT","Trumbull, CT",Est. Salary $78k-$120k,3.7,27 days ago
"Rinalytics Advisors Pvt. Ltd. – San Jose, CA","San Jose, CA",Est. Salary $110k-$181k,,15 days ago
"ZestFinance – Los Angeles, CA","Los Angeles, CA",Est. Salary $76k-$109k,3.9,10 days ago
"Alternate Communications International – Irving, TX","Irving, TX",Est. Salary $69k-$107k,3.7,9 days ago
"Strayer Education, Inc. – Herndon, VA","Herndon, VA",Est. Salary $56k-$87k,2.7,22 days ago
"Earth Networks – Oakland, CA","Oakland, CA",Est. Salary $108k-$151k,3.0,9 days ago
"Valorem Consulting – Kansas City, MO","Kansas City, MO",Est. Salary $75k-$108k,3.4,7 days ago
"Combined Insurance – Whitehouse Station, NJ","Whitehouse Station, NJ",Est. Salary $65k-$99k,3.2,27 days ago
"Infobahn Softworld – San Jose, CA","San Jose, CA",,3.5,
"Office Depot – Boca Raton, FL","Boca Raton, FL",Est. Salary $79k-$124k,3.0,14 days ago
"Commerce Bank – Kansas City, MO","Kansas City, MO",Est. Salary $64k-$97k,3.5,9 days ago
"World IT Solutions – Huntsville, AL","Huntsville, AL",Est. Salary $69k-$105k,1.0,
"Affirm – San Francisco, CA","San Francisco, CA",Est. Salary $149k-$207k,4.7,
"Southern Cross Engineering – Linthicum Heights, MD","Linthicum Heights, MD",,,
"J.P. Morgan – New York, NY","New York, NY",Est. Salary $74k-$120k,3.6,8 days ago
"New York Life Insurance Co – New York, NY","New York, NY",Est. Salary $115k-$171k,3.5,
"Sotera Defense Solutions – McLean, VA","McLean, VA",Est. Salary $73k-$110k,3.2,20 days ago
"Chubb Corp – Whitehouse Station, NJ","Whitehouse Station, NJ",Est. Salary $112k-$167k,3.3,10 days ago
"Quovo – New York, NY","New York, NY",Est. Salary $79k-$114k,5.0,20 days ago
"Sai People Solutions,Inc. – Sunnyvale, CA","Sunnyvale, CA",,2.0,
Alaka`ina Foundation – United States,United States,Est. Salary $52k-$80k,3.0,
"Quartet Health – New York, NY","New York, NY",Est. Salary $92k-$136k,4.1,7 days ago
"BOLD – San Francisco, CA","San Francisco, CA",Est. Salary $163k-$231k,4.2,12 days ago
"WhatsApp – Menlo Park, CA","Menlo Park, CA",Est. Salary $98k-$137k,4.0,6 days ago
"Machinio – Chicago, IL","Chicago, IL",,,
"Chase – New York, NY","New York, NY",Est. Salary $91k-$140k,3.5,8 days ago
"Incube Labs – San Jose, CA","San Jose, CA",Est. Salary $66k-$95k,4.5,20 days ago
"Pernod Ricard USA – New York, NY","New York, NY",Est. Salary $99k-$145k,2.9,8 days ago
"macys.com – San Francisco, CA","San Francisco, CA",Est. Salary $133k-$189k,,
"INFOX Consulting – Seattle, WA","Seattle, WA",Est. Salary $85k-$123k,3.4,28 days ago
"Upstart – San Carlos, CA","San Carlos, CA",Est. Salary $80k-$121k,4.6,26 days ago
"Blueprint Consulting Services – Bellevue, WA","Bellevue, WA",Est. Salary $94k-$132k,2.9,10 days ago
"Arena – Baltimore, MD","Baltimore, MD",Est. Salary $99k-$144k,5.0,23 days ago
"Pacific Biosciences – Menlo Park, CA","Menlo Park, CA",Est. Salary $92k-$130k,3.9,9 days ago
"GE – San Francisco, CA","San Francisco, CA",Est. Salary $152k-$208k,3.8,9 days ago
"Lowe's – Mooresville, NC","Mooresville, NC",Est. Salary $92k-$138k,3.4,
"SunTrust – Richmond, VA","Richmond, VA",,3.1,
"Mississippi Consultants LLP – New York, NY","New York, NY",,,
"Johns Hopkins Medicine – Glen Burnie, MD","Glen Burnie, MD",Est. Salary $64k-$99k,3.7,30+ days ago
"Outfront Media – New York, NY","New York, NY",Est. Salary $76k-$117k,3.0,10 days ago
"MSX International – Dearborn, MI","Dearborn, MI",,3.1,
"McKinsey & Company – San Francisco, CA","San Francisco, CA",Est. Salary $165k-$230k,4.3,15 days ago
"WGSN – New York, NY","New York, NY",Est. Salary $82k-$128k,4.1,15 days ago
"Wolverine Trading – Chicago, IL","Chicago, IL",Est. Salary $89k-$133k,4.1,18 days ago
"Technology Resource Group – Washington, DC","Washington, DC",Est. Salary $84k-$141k,4.8,
"Nielsen – Tampa, FL","Tampa, FL",Est. Salary $80k-$115k,3.6,6 days ago
"Viacom – New York, NY","New York, NY",Est. Salary $92k-$143k,3.6,30+ days ago
"eviCore healthcare – Boston, MA","Boston, MA",Est. Salary $66k-$97k,3.1,
"JPMorgan Chase & Co – New York, NY","New York, NY",,3.6,
"Samsung Electronics – Mountain View, CA","Mountain View, CA",Est. Salary $97k-$136k,3.4,21 days ago
"S&P GLOBAL MARKET INTELLIGENCE – Charlottesville, VA","Charlottesville, VA",Est. Salary $78k-$119k,3.4,21 days ago
"Scripps – Cincinnati, OH","Cincinnati, OH",Est. Salary $46k-$71k,3.1,16 days ago
"eBay – New York, NY","New York, NY",Est. Salary $92k-$135k,3.7,9 days ago
"Intuit – San Francisco, CA","San Francisco, CA",Est. Salary $183k-$252k,4.2,21 days ago
"Quartet – New York, NY","New York, NY",Est. Salary $92k-$136k,4.1,6 days ago
"Dell – Remote, OR","Remote, OR",Est. Salary $74k-$106k,3.7,21 days ago
"InTec, LLC – McLean, VA","McLean, VA",Est. Salary $80k-$121k,4.5,28 days ago
"GE – Houston, TX","Houston, TX",Est. Salary $140k-$202k,3.8,
"GlaxoSmithKline – Harrisburg, PA","Harrisburg, PA",Est. Salary $68k-$107k,3.7,6 days ago
"Intuit – San Francisco, CA","San Francisco, CA",Est. Salary $193k-$265k,4.2,
"MetLife – Cary, NC","Cary, NC",Est. Salary $72k-$104k,3.3,7 days ago
"Ameren – Saint Louis, MO","Saint Louis, MO",Est. Salary $135k-$193k,3.9,27 days ago
"Booz Allen Hamilton Inc. – McLean, VA","McLean, VA",Est. Salary $133k-$199k,3.6,
"Unified – New York, NY","New York, NY",Est. Salary $94k-$145k,4.3,15 days ago
"Eisai – Andover, MA","Andover, MA",Est. Salary $85k-$126k,2.7,30+ days ago
"Nordstrom – Seattle, WA","Seattle, WA",Est. Salary $108k-$155k,3.6,23 days ago
"PAR Government Systems – Fort Meade, MD","Fort Meade, MD",,,16 days ago
"Trulia – San Francisco, CA","San Francisco, CA",Est. Salary $119k-$163k,3.9,
"Nobilis – Washington, DC","Washington, DC",Est. Salary $77k-$121k,3.0,20 days ago
"Priceline.com – Norwalk, CT","Norwalk, CT",Est. Salary $128k-$184k,3.2,14 days ago
"NASA's Jet Propulsion Laboratory – Pasadena, CA","Pasadena, CA",Est. Salary $83k-$123k,4.2,10 days ago
"LUK Inc – Fort Mill, SC","Fort Mill, SC",Est. Salary $68k-$104k,3.0,26 days ago
"NBCNEWS.com – Orlando, FL","Orlando, FL",Est. Salary $109k-$162k,3.0,7 days ago
"Macmillan Publishers – New York, NY","New York, NY",Est. Salary $68k-$106k,3.4,9 days ago
"Airbnb – San Francisco, CA","San Francisco, CA",Est. Salary $114k-$159k,3.8,8 days ago
Geoservices – United States,United States,Est. Salary $39k-$61k,2.6,15 days ago
"Booz Allen Hamilton Inc. – San Diego, CA","San Diego, CA",Est. Salary $73k-$111k,3.6,17 days ago
"ReqRoute,Inc – Princeton, NJ","Princeton, NJ",,4.0,
"Integrated DNA Technologies – Coralville, IA","Coralville, IA",Est. Salary $38k-$55k,3.5,
"Kohl's – Milpitas, CA","Milpitas, CA",Est. Salary $189k-$273k,3.4,
"Twitter – San Francisco, CA","San Francisco, CA",Est. Salary $132k-$182k,3.9,20 days ago
"Aetna – Hartford, CT","Hartford, CT",Est. Salary $110k-$162k,3.3,14 days ago
"J.P. Morgan – New York, NY","New York, NY",Est. Salary $74k-$120k,3.6,9 days ago
"Uber – San Francisco, CA","San Francisco, CA",Est. Salary $111k-$156k,4.2,27 days ago
"Aetna – New York, NY","New York, NY",Est. Salary $102k-$152k,3.3,20 days ago
"Merck KGaA – Rockland, MA","Rockland, MA",Est. Salary $64k-$98k,3.4,22 days ago
"Pyramid Consulting – Sunnyvale, CA","Sunnyvale, CA",,3.9,
"SNI Financial – Cambridge, MA","Cambridge, MA",,3.4,10 days ago
"Freddie Mac – McLean, VA","McLean, VA",Est. Salary $107k-$156k,3.4,
"IBM – Remote, OR","Remote, OR",Est. Salary $57k-$84k,3.5,24 days ago
"Houston, TX – Houston, TX","Houston, TX",Est. Salary $66k-$105k,1.0,7 days ago
"ObjectWin Technology, Inc. – Worcester, MA","Worcester, MA",Est. Salary $93k-$139k,3.9,16 days ago
"FoundHuman – New York, NY","New York, NY",Est. Salary $90k-$153k,5.0,9 days ago
[24]7 – United States,United States,Est. Salary $75k-$108k,3.1,28 days ago
"Advanced RPO – Loveland, CO","Loveland, CO",Est. Salary $79k-$121k,4.8,5 days ago
"FocusKPI Inc. – Mountain View, CA","Mountain View, CA",Est. Salary $77k-$114k,2.6,9 days ago
"NinthDecimal – Mountain View, CA","Mountain View, CA",Est. Salary $82k-$123k,3.7,27 days ago
"Square – San Francisco, CA","San Francisco, CA",Est. Salary $124k-$172k,4.4,13 days ago
"NANA Regional Corporation – Washington, DC","Washington, DC",Est. Salary $85k-$127k,1.3,27 days ago
Steward Health Care System – United States,United States,Est. Salary $59k-$90k,2.7,10 days ago
"Intercontinental Exchange – New York, NY","New York, NY",Est. Salary $100k-$151k,3.1,
"Seneca Resources – Richmond, VA","Richmond, VA",Est. Salary $71k-$109k,4.4,10 days ago
"Lands' End – Dodgeville, WI","Dodgeville, WI",,3.3,
"Verticalmove – Bellevue, WA","Bellevue, WA",,3.5,
"NBCNEWS.com – New York, NY","New York, NY",Est. Salary $127k-$192k,3.0,
"Amazon – Seattle, WA","Seattle, WA",Est. Salary $120k-$168k,3.6,7 days ago
"Coffee Meets Bagel – Seattle, WA","Seattle, WA",Est. Salary $102k-$148k,4.6,10 days ago
"Delex Systems – Suitland, MD","Suitland, MD",Est. Salary $98k-$145k,2.7,7 days ago
"SecurityScorecard, Inc. – New York, NY","New York, NY",Est. Salary $142k-$205k,4.1,5 days ago
"Rackspace – Remote, OR","Remote, OR",Est. Salary $105k-$149k,3.6,7 days ago
"Eli Lilly – Indianapolis, IN","Indianapolis, IN",Est. Salary $86k-$122k,4.0,7 days ago
"macys.com – New York, NY","New York, NY",Est. Salary $107k-$163k,,
"Transunion – Chicago, IL","Chicago, IL",Est. Salary $112k-$160k,3.6,27 days ago
"Entytle – Palo Alto, CA","Palo Alto, CA",Est. Salary $66k-$86k,5.0,6 days ago
"Eventbrite – San Francisco, CA","San Francisco, CA",Est. Salary $93k-$130k,4.1,25 days ago
"Roberts Recruiting – Cambridge, MA","Cambridge, MA",,,22 days ago
"Perficient, Inc. – Ann Arbor, MI","Ann Arbor, MI",Est. Salary $84k-$125k,3.1,
"Quartet Health – New York, NY","New York, NY",Est. Salary $92k-$136k,4.1,8 days ago
"CNN – New York, NY","New York, NY",Est. Salary $119k-$175k,3.8,14 days ago
"Lattice Engines – San Mateo, CA","San Mateo, CA",Est. Salary $159k-$219k,4.3,20 days ago
"Riskcare – New York, NY","New York, NY",Est. Salary $75k-$127k,4.1,15 days ago
"Enigma – New York, NY","New York, NY",Est. Salary $95k-$139k,4.1,
"Farmer's Business Network, Inc. – San Carlos, CA","San Carlos, CA",Est. Salary $100k-$140k,3.9,14 days ago
"BurnsSearch, LLC – Irving, TX","Irving, TX",Est. Salary $75k-$107k,,20 days ago
"Divvy – Brooklyn, NY","Brooklyn, NY",Est. Salary $38k-$50k,3.8,15 days ago
"American Century Investments – Kansas City, MO","Kansas City, MO",Est. Salary $98k-$137k,4.0,7 days ago
"ThirdEye Data Inc. – Santa Clara, CA","Santa Clara, CA",,,12 days ago
"Glassdoor – Mill Valley, CA","Mill Valley, CA",Est. Salary $153k-$208k,4.0,28 days ago
Bridgestone Global – United States,United States,Est. Salary $64k-$99k,3.2,23 days ago
"Nesco Resource – Houston, TX","Houston, TX",,3.0,
"Evidera – San Francisco, CA","San Francisco, CA",Est. Salary $91k-$131k,3.7,17 days ago
"Shulman Fleming & Partners – New York, NY","New York, NY",Est. Salary $73k-$112k,,16 days ago
"REAN Cloud Services – Herndon, VA","Herndon, VA",,,
"AT&T – Plano, TX","Plano, TX",Est. Salary $76k-$113k,3.4,9 days ago
"Earnest Research – New York, NY","New York, NY",Est. Salary $77k-$115k,5.0,16 days ago
"Eventbrite – Nashville, TN","Nashville, TN",Est. Salary $63k-$91k,4.1,8 days ago
"Oracle – Austin, TX","Austin, TX",Est. Salary $75k-$112k,3.4,13 days ago
"Grubhub – Chicago, IL","Chicago, IL",Est. Salary $90k-$131k,3.4,12 days ago
"Capital Group – San Antonio, TX","San Antonio, TX",Est. Salary $74k-$114k,3.9,9 days ago
"Twitter – San Francisco, CA","San Francisco, CA",Est. Salary $133k-$183k,3.9,8 days ago
"Phoenix Operations Group – Chantilly, VA","Chantilly, VA",Est. Salary $80k-$121k,5.0,9 days ago
"InfoStaff – Saint Louis, MO","Saint Louis, MO",,,
"HP Inc. – Boise, ID","Boise, ID",Est. Salary $50k-$66k,3.7,
"NJF Global Holdings – San Francisco, CA","San Francisco, CA",Est. Salary $87k-$133k,3.9,8 days ago
"Uber – San Francisco, CA","San Francisco, CA",Est. Salary $111k-$156k,4.2,7 days ago
"Centene – Farmington, CT","Farmington, CT",Est. Salary $71k-$108k,2.9,14 days ago
"Pitney Bowes – Danbury, CT","Danbury, CT",Est. Salary $82k-$116k,3.1,
"Twitch – San Francisco, CA","San Francisco, CA",Est. Salary $174k-$238k,3.6,17 days ago
"Blue Owl – San Francisco, CA","San Francisco, CA",Est. Salary $97k-$137k,4.5,7 days ago
"S&P Global – New York, NY","New York, NY",Est. Salary $151k-$232k,3.4,7 days ago
"Walmart eCommerce – Sunnyvale, CA","Sunnyvale, CA",Est. Salary $106k-$147k,3.2,4 days ago
"RatePAY GmbH – Germany, GA","Germany, GA",,5.0,
"Park Computer Systems, Inc. – Carlsbad, CA","Carlsbad, CA",Est. Salary $72k-$107k,1.0,19 days ago
"Accenture – San Francisco, CA","San Francisco, CA",Est. Salary $115k-$165k,3.8,22 days ago
"Novavax – Rockville, MD","Rockville, MD",,3.1,
"Nestlé USA – Arlington, VA","Arlington, VA",,3.3,
"Fabergent USA – San Francisco, CA","San Francisco, CA",Est. Salary $89k-$132k,4.8,17 days ago
"Nike – Beaverton, OR","Beaverton, OR",Est. Salary $77k-$114k,3.9,27 days ago
DexMedia – United States,United States,Est. Salary $88k-$126k,3.2,6 days ago
"Cardworks – West Jordan, UT","West Jordan, UT",Est. Salary $54k-$79k,2.8,28 days ago
"Expedia – Chicago, IL","Chicago, IL",Est. Salary $108k-$151k,3.9,22 days ago
